INSERT INTO `ensembl_entry`(`ENSEMBL_ID`) VALUES('ENSP00000483207.2');
INSERT INTO `pdb_entry` (`PDB_NO`,`PDB_ID`,`CHAIN`) VALUES ('5i1l_B', '5i1l', 'B');
INSERT INTO `pdb_ensembl_alignment` (`PDB_NO`,`PDB_ID`,`CHAIN`,`ENSEMBL_ID`,`PDB_FROM`,`PDB_TO`,`ENSEMBL_FROM`,`ENSEMBL_TO`,`EVALUE`,`BITSCORE`,`IDENTP`)VALUES ('5i1l_B','5i1l','B','ENSP00000483207.2',20,117,1,98,'8.27E-68',205.0,100.0);
INSERT INTO `pdb_entry` (`PDB_NO`,`PDB_ID`,`CHAIN`) VALUES ('5i1l_H', '5i1l', 'H');
INSERT INTO `pdb_ensembl_alignment` (`PDB_NO`,`PDB_ID`,`CHAIN`,`ENSEMBL_ID`,`PDB_FROM`,`PDB_TO`,`ENSEMBL_FROM`,`ENSEMBL_TO`,`EVALUE`,`BITSCORE`,`IDENTP`)VALUES ('5i1l_H','5i1l','H','ENSP00000483207.2',20,117,1,98,'8.27E-68',205.0,100.0);
INSERT INTO `pdb_entry` (`PDB_NO`,`PDB_ID`,`CHAIN`) VALUES ('5i1k_H', '5i1k', 'H');
INSERT INTO `pdb_ensembl_alignment` (`PDB_NO`,`PDB_ID`,`CHAIN`,`ENSEMBL_ID`,`PDB_FROM`,`PDB_TO`,`ENSEMBL_FROM`,`ENSEMBL_TO`,`EVALUE`,`BITSCORE`,`IDENTP`)VALUES ('5i1k_H','5i1k','H','ENSP00000483207.2',20,117,1,98,'8.27E-68',205.0,100.0);
INSERT INTO `pdb_entry` (`PDB_NO`,`PDB_ID`,`CHAIN`) VALUES ('5i1j_H', '5i1j', 'H');
INSERT INTO `pdb_ensembl_alignment` (`PDB_NO`,`PDB_ID`,`CHAIN`,`ENSEMBL_ID`,`PDB_FROM`,`PDB_TO`,`ENSEMBL_FROM`,`ENSEMBL_TO`,`EVALUE`,`BITSCORE`,`IDENTP`)VALUES ('5i1j_H','5i1j','H','ENSP00000483207.2',20,117,1,98,'8.27E-68',205.0,100.0);
INSERT INTO `pdb_entry` (`PDB_NO`,`PDB_ID`,`CHAIN`) VALUES ('4kmt_H', '4kmt', 'H');
INSERT INTO `pdb_ensembl_alignment` (`PDB_NO`,`PDB_ID`,`CHAIN`,`ENSEMBL_ID`,`PDB_FROM`,`PDB_TO`,`ENSEMBL_FROM`,`ENSEMBL_TO`,`EVALUE`,`BITSCORE`,`IDENTP`)VALUES ('4kmt_H','4kmt','H','ENSP00000483207.2',20,117,1,98,'8.27E-68',205.0,100.0);
INSERT INTO `pdb_entry` (`PDB_NO`,`PDB_ID`,`CHAIN`) VALUES ('4zd3_H', '4zd3', 'H');
INSERT INTO `pdb_ensembl_alignment` (`PDB_NO`,`PDB_ID`,`CHAIN`,`ENSEMBL_ID`,`PDB_FROM`,`PDB_TO`,`ENSEMBL_FROM`,`ENSEMBL_TO`,`EVALUE`,`BITSCORE`,`IDENTP`)VALUES ('4zd3_H','4zd3','H','ENSP00000483207.2',20,117,1,98,'1.18E-67',204.0,100.0);
INSERT INTO `pdb_entry` (`PDB_NO`,`PDB_ID`,`CHAIN`) VALUES ('4ris_H', '4ris', 'H');
INSERT INTO `pdb_ensembl_alignment` (`PDB_NO`,`PDB_ID`,`CHAIN`,`ENSEMBL_ID`,`PDB_FROM`,`PDB_TO`,`ENSEMBL_FROM`,`ENSEMBL_TO`,`EVALUE`,`BITSCORE`,`IDENTP`)VALUES ('4ris_H','4ris','H','ENSP00000483207.2',20,117,1,98,'3.89E-67',203.0,100.0);
INSERT INTO `pdb_entry` (`PDB_NO`,`PDB_ID`,`CHAIN`) VALUES ('4rir_A', '4rir', 'A');
INSERT INTO `pdb_ensembl_alignment` (`PDB_NO`,`PDB_ID`,`CHAIN`,`ENSEMBL_ID`,`PDB_FROM`,`PDB_TO`,`ENSEMBL_FROM`,`ENSEMBL_TO`,`EVALUE`,`BITSCORE`,`IDENTP`)VALUES ('4rir_A','4rir','A','ENSP00000483207.2',20,117,1,98,'3.89E-67',203.0,100.0);
INSERT INTO `pdb_entry` (`PDB_NO`,`PDB_ID`,`CHAIN`) VALUES ('4rir_H', '4rir', 'H');
INSERT INTO `pdb_ensembl_alignment` (`PDB_NO`,`PDB_ID`,`CHAIN`,`ENSEMBL_ID`,`PDB_FROM`,`PDB_TO`,`ENSEMBL_FROM`,`ENSEMBL_TO`,`EVALUE`,`BITSCORE`,`IDENTP`)VALUES ('4rir_H','4rir','H','ENSP00000483207.2',20,117,1,98,'3.89E-67',203.0,100.0);
INSERT INTO `pdb_entry` (`PDB_NO`,`PDB_ID`,`CHAIN`) VALUES ('2h32_H', '2h32', 'H');
INSERT INTO `pdb_ensembl_alignment` (`PDB_NO`,`PDB_ID`,`CHAIN`,`ENSEMBL_ID`,`PDB_FROM`,`PDB_TO`,`ENSEMBL_FROM`,`ENSEMBL_TO`,`EVALUE`,`BITSCORE`,`IDENTP`)VALUES ('2h32_H','2h32','H','ENSP00000483207.2',20,117,1,98,'4.2E-67',203.0,100.0);
INSERT INTO `pdb_entry` (`PDB_NO`,`PDB_ID`,`CHAIN`) VALUES ('4hwe_H', '4hwe', 'H');
INSERT INTO `pdb_ensembl_alignment` (`PDB_NO`,`PDB_ID`,`CHAIN`,`ENSEMBL_ID`,`PDB_FROM`,`PDB_TO`,`ENSEMBL_FROM`,`ENSEMBL_TO`,`EVALUE`,`BITSCORE`,`IDENTP`)VALUES ('4hwe_H','4hwe','H','ENSP00000483207.2',19,117,1,99,'2.32E-66',201.0,97.98);
INSERT INTO `pdb_entry` (`PDB_NO`,`PDB_ID`,`CHAIN`) VALUES ('4hwb_H', '4hwb', 'H');
INSERT INTO `pdb_ensembl_alignment` (`PDB_NO`,`PDB_ID`,`CHAIN`,`ENSEMBL_ID`,`PDB_FROM`,`PDB_TO`,`ENSEMBL_FROM`,`ENSEMBL_TO`,`EVALUE`,`BITSCORE`,`IDENTP`)VALUES ('4hwb_H','4hwb','H','ENSP00000483207.2',19,117,1,99,'2.32E-66',201.0,97.98);
INSERT INTO `pdb_entry` (`PDB_NO`,`PDB_ID`,`CHAIN`) VALUES ('4np4_I', '4np4', 'I');
INSERT INTO `pdb_ensembl_alignment` (`PDB_NO`,`PDB_ID`,`CHAIN`,`ENSEMBL_ID`,`PDB_FROM`,`PDB_TO`,`ENSEMBL_FROM`,`ENSEMBL_TO`,`EVALUE`,`BITSCORE`,`IDENTP`)VALUES ('4np4_I','4np4','I','ENSP00000483207.2',20,117,1,98,'8.28E-64',195.0,94.898);
INSERT INTO `pdb_entry` (`PDB_NO`,`PDB_ID`,`CHAIN`) VALUES ('4np4_H', '4np4', 'H');
INSERT INTO `pdb_ensembl_alignment` (`PDB_NO`,`PDB_ID`,`CHAIN`,`ENSEMBL_ID`,`PDB_FROM`,`PDB_TO`,`ENSEMBL_FROM`,`ENSEMBL_TO`,`EVALUE`,`BITSCORE`,`IDENTP`)VALUES ('4np4_H','4np4','H','ENSP00000483207.2',20,117,1,98,'8.28E-64',195.0,94.898);
INSERT INTO `pdb_entry` (`PDB_NO`,`PDB_ID`,`CHAIN`) VALUES ('4hqq_H', '4hqq', 'H');
INSERT INTO `pdb_ensembl_alignment` (`PDB_NO`,`PDB_ID`,`CHAIN`,`ENSEMBL_ID`,`PDB_FROM`,`PDB_TO`,`ENSEMBL_FROM`,`ENSEMBL_TO`,`EVALUE`,`BITSCORE`,`IDENTP`)VALUES ('4hqq_H','4hqq','H','ENSP00000483207.2',20,117,1,98,'1.69E-63',194.0,95.918);
INSERT INTO `pdb_entry` (`PDB_NO`,`PDB_ID`,`CHAIN`) VALUES ('4hpo_H', '4hpo', 'H');
INSERT INTO `pdb_ensembl_alignment` (`PDB_NO`,`PDB_ID`,`CHAIN`,`ENSEMBL_ID`,`PDB_FROM`,`PDB_TO`,`ENSEMBL_FROM`,`ENSEMBL_TO`,`EVALUE`,`BITSCORE`,`IDENTP`)VALUES ('4hpo_H','4hpo','H','ENSP00000483207.2',20,117,1,98,'1.69E-63',194.0,95.918);
INSERT INTO `pdb_entry` (`PDB_NO`,`PDB_ID`,`CHAIN`) VALUES ('4qxg_H', '4qxg', 'H');
INSERT INTO `pdb_ensembl_alignment` (`PDB_NO`,`PDB_ID`,`CHAIN`,`ENSEMBL_ID`,`PDB_FROM`,`PDB_TO`,`ENSEMBL_FROM`,`ENSEMBL_TO`,`EVALUE`,`BITSCORE`,`IDENTP`)VALUES ('4qxg_H','4qxg','H','ENSP00000483207.2',20,117,1,98,'2.93E-62',191.0,93.878);
INSERT INTO `pdb_entry` (`PDB_NO`,`PDB_ID`,`CHAIN`) VALUES ('2vxv_H', '2vxv', 'H');
INSERT INTO `pdb_ensembl_alignment` (`PDB_NO`,`PDB_ID`,`CHAIN`,`ENSEMBL_ID`,`PDB_FROM`,`PDB_TO`,`ENSEMBL_FROM`,`ENSEMBL_TO`,`EVALUE`,`BITSCORE`,`IDENTP`)VALUES ('2vxv_H','2vxv','H','ENSP00000483207.2',20,117,1,98,'4.09E-62',191.0,90.816);
INSERT INTO `pdb_entry` (`PDB_NO`,`PDB_ID`,`CHAIN`) VALUES ('4m6n_H', '4m6n', 'H');
INSERT INTO `pdb_ensembl_alignment` (`PDB_NO`,`PDB_ID`,`CHAIN`,`ENSEMBL_ID`,`PDB_FROM`,`PDB_TO`,`ENSEMBL_FROM`,`ENSEMBL_TO`,`EVALUE`,`BITSCORE`,`IDENTP`)VALUES ('4m6n_H','4m6n','H','ENSP00000483207.2',20,117,1,98,'1.07E-61',189.0,93.878);
INSERT INTO `pdb_entry` (`PDB_NO`,`PDB_ID`,`CHAIN`) VALUES ('4m6m_H', '4m6m', 'H');
INSERT INTO `pdb_ensembl_alignment` (`PDB_NO`,`PDB_ID`,`CHAIN`,`ENSEMBL_ID`,`PDB_FROM`,`PDB_TO`,`ENSEMBL_FROM`,`ENSEMBL_TO`,`EVALUE`,`BITSCORE`,`IDENTP`)VALUES ('4m6m_H','4m6m','H','ENSP00000483207.2',20,117,1,98,'1.07E-61',189.0,93.878);
INSERT INTO `pdb_entry` (`PDB_NO`,`PDB_ID`,`CHAIN`) VALUES ('3ujj_H', '3ujj', 'H');
INSERT INTO `pdb_ensembl_alignment` (`PDB_NO`,`PDB_ID`,`CHAIN`,`ENSEMBL_ID`,`PDB_FROM`,`PDB_TO`,`ENSEMBL_FROM`,`ENSEMBL_TO`,`EVALUE`,`BITSCORE`,`IDENTP`)VALUES ('3ujj_H','3ujj','H','ENSP00000483207.2',20,116,1,97,'2.61E-61',189.0,93.814);
INSERT INTO `pdb_entry` (`PDB_NO`,`PDB_ID`,`CHAIN`) VALUES ('3ulv_H', '3ulv', 'H');
INSERT INTO `pdb_ensembl_alignment` (`PDB_NO`,`PDB_ID`,`CHAIN`,`ENSEMBL_ID`,`PDB_FROM`,`PDB_TO`,`ENSEMBL_FROM`,`ENSEMBL_TO`,`EVALUE`,`BITSCORE`,`IDENTP`)VALUES ('3ulv_H','3ulv','H','ENSP00000483207.2',20,117,1,98,'4.4E-61',188.0,91.837);
INSERT INTO `pdb_entry` (`PDB_NO`,`PDB_ID`,`CHAIN`) VALUES ('3ulu_H', '3ulu', 'H');
INSERT INTO `pdb_ensembl_alignment` (`PDB_NO`,`PDB_ID`,`CHAIN`,`ENSEMBL_ID`,`PDB_FROM`,`PDB_TO`,`ENSEMBL_FROM`,`ENSEMBL_TO`,`EVALUE`,`BITSCORE`,`IDENTP`)VALUES ('3ulu_H','3ulu','H','ENSP00000483207.2',20,117,1,98,'4.4E-61',188.0,91.837);
INSERT INTO `pdb_entry` (`PDB_NO`,`PDB_ID`,`CHAIN`) VALUES ('3na9_H', '3na9', 'H');
INSERT INTO `pdb_ensembl_alignment` (`PDB_NO`,`PDB_ID`,`CHAIN`,`ENSEMBL_ID`,`PDB_FROM`,`PDB_TO`,`ENSEMBL_FROM`,`ENSEMBL_TO`,`EVALUE`,`BITSCORE`,`IDENTP`)VALUES ('3na9_H','3na9','H','ENSP00000483207.2',20,117,1,98,'4.4E-61',188.0,91.837);
INSERT INTO `pdb_entry` (`PDB_NO`,`PDB_ID`,`CHAIN`) VALUES ('4hjj_H', '4hjj', 'H');
INSERT INTO `pdb_ensembl_alignment` (`PDB_NO`,`PDB_ID`,`CHAIN`,`ENSEMBL_ID`,`PDB_FROM`,`PDB_TO`,`ENSEMBL_FROM`,`ENSEMBL_TO`,`EVALUE`,`BITSCORE`,`IDENTP`)VALUES ('4hjj_H','4hjj','H','ENSP00000483207.2',20,117,126,223,'1.15E-60',191.0,90.816);
INSERT INTO `pdb_entry` (`PDB_NO`,`PDB_ID`,`CHAIN`) VALUES ('4nry_A', '4nry', 'A');
INSERT INTO `pdb_ensembl_alignment` (`PDB_NO`,`PDB_ID`,`CHAIN`,`ENSEMBL_ID`,`PDB_FROM`,`PDB_TO`,`ENSEMBL_FROM`,`ENSEMBL_TO`,`EVALUE`,`BITSCORE`,`IDENTP`)VALUES ('4nry_A','4nry','A','ENSP00000483207.2',20,117,1,98,'1.43E-60',187.0,90.816);
INSERT INTO `pdb_entry` (`PDB_NO`,`PDB_ID`,`CHAIN`) VALUES ('4nry_H', '4nry', 'H');
INSERT INTO `pdb_ensembl_alignment` (`PDB_NO`,`PDB_ID`,`CHAIN`,`ENSEMBL_ID`,`PDB_FROM`,`PDB_TO`,`ENSEMBL_FROM`,`ENSEMBL_TO`,`EVALUE`,`BITSCORE`,`IDENTP`)VALUES ('4nry_H','4nry','H','ENSP00000483207.2',20,117,1,98,'1.43E-60',187.0,90.816);
INSERT INTO `pdb_entry` (`PDB_NO`,`PDB_ID`,`CHAIN`) VALUES ('4nrz_A', '4nrz', 'A');
INSERT INTO `pdb_ensembl_alignment` (`PDB_NO`,`PDB_ID`,`CHAIN`,`ENSEMBL_ID`,`PDB_FROM`,`PDB_TO`,`ENSEMBL_FROM`,`ENSEMBL_TO`,`EVALUE`,`BITSCORE`,`IDENTP`)VALUES ('4nrz_A','4nrz','A','ENSP00000483207.2',20,117,1,98,'1.62E-60',187.0,90.816);
INSERT INTO `pdb_entry` (`PDB_NO`,`PDB_ID`,`CHAIN`) VALUES ('4nrz_H', '4nrz', 'H');
INSERT INTO `pdb_ensembl_alignment` (`PDB_NO`,`PDB_ID`,`CHAIN`,`ENSEMBL_ID`,`PDB_FROM`,`PDB_TO`,`ENSEMBL_FROM`,`ENSEMBL_TO`,`EVALUE`,`BITSCORE`,`IDENTP`)VALUES ('4nrz_H','4nrz','H','ENSP00000483207.2',20,117,1,98,'1.62E-60',187.0,90.816);
INSERT INTO `pdb_entry` (`PDB_NO`,`PDB_ID`,`CHAIN`) VALUES ('4nrx_D', '4nrx', 'D');
INSERT INTO `pdb_ensembl_alignment` (`PDB_NO`,`PDB_ID`,`CHAIN`,`ENSEMBL_ID`,`PDB_FROM`,`PDB_TO`,`ENSEMBL_FROM`,`ENSEMBL_TO`,`EVALUE`,`BITSCORE`,`IDENTP`)VALUES ('4nrx_D','4nrx','D','ENSP00000483207.2',20,117,1,98,'1.62E-60',187.0,90.816);
INSERT INTO `pdb_entry` (`PDB_NO`,`PDB_ID`,`CHAIN`) VALUES ('4nrx_A', '4nrx', 'A');
INSERT INTO `pdb_ensembl_alignment` (`PDB_NO`,`PDB_ID`,`CHAIN`,`ENSEMBL_ID`,`PDB_FROM`,`PDB_TO`,`ENSEMBL_FROM`,`ENSEMBL_TO`,`EVALUE`,`BITSCORE`,`IDENTP`)VALUES ('4nrx_A','4nrx','A','ENSP00000483207.2',20,117,1,98,'1.62E-60',187.0,90.816);
INSERT INTO `pdb_entry` (`PDB_NO`,`PDB_ID`,`CHAIN`) VALUES ('4nrx_H', '4nrx', 'H');
INSERT INTO `pdb_ensembl_alignment` (`PDB_NO`,`PDB_ID`,`CHAIN`,`ENSEMBL_ID`,`PDB_FROM`,`PDB_TO`,`ENSEMBL_FROM`,`ENSEMBL_TO`,`EVALUE`,`BITSCORE`,`IDENTP`)VALUES ('4nrx_H','4nrx','H','ENSP00000483207.2',20,117,1,98,'1.62E-60',187.0,90.816);
INSERT INTO `pdb_entry` (`PDB_NO`,`PDB_ID`,`CHAIN`) VALUES ('3ncj_H', '3ncj', 'H');
INSERT INTO `pdb_ensembl_alignment` (`PDB_NO`,`PDB_ID`,`CHAIN`,`ENSEMBL_ID`,`PDB_FROM`,`PDB_TO`,`ENSEMBL_FROM`,`ENSEMBL_TO`,`EVALUE`,`BITSCORE`,`IDENTP`)VALUES ('3ncj_H','3ncj','H','ENSP00000483207.2',20,117,1,98,'1.86E-60',186.0,91.837);
INSERT INTO `pdb_entry` (`PDB_NO`,`PDB_ID`,`CHAIN`) VALUES ('3naa_H', '3naa', 'H');
INSERT INTO `pdb_ensembl_alignment` (`PDB_NO`,`PDB_ID`,`CHAIN`,`ENSEMBL_ID`,`PDB_FROM`,`PDB_TO`,`ENSEMBL_FROM`,`ENSEMBL_TO`,`EVALUE`,`BITSCORE`,`IDENTP`)VALUES ('3naa_H','3naa','H','ENSP00000483207.2',20,117,1,98,'1.86E-60',186.0,91.837);
INSERT INTO `pdb_entry` (`PDB_NO`,`PDB_ID`,`CHAIN`) VALUES ('3nab_H', '3nab', 'H');
INSERT INTO `pdb_ensembl_alignment` (`PDB_NO`,`PDB_ID`,`CHAIN`,`ENSEMBL_ID`,`PDB_FROM`,`PDB_TO`,`ENSEMBL_FROM`,`ENSEMBL_TO`,`EVALUE`,`BITSCORE`,`IDENTP`)VALUES ('3nab_H','3nab','H','ENSP00000483207.2',20,117,1,98,'5.71E-60',185.0,91.837);
INSERT INTO `pdb_entry` (`PDB_NO`,`PDB_ID`,`CHAIN`) VALUES ('3nac_H', '3nac', 'H');
INSERT INTO `pdb_ensembl_alignment` (`PDB_NO`,`PDB_ID`,`CHAIN`,`ENSEMBL_ID`,`PDB_FROM`,`PDB_TO`,`ENSEMBL_FROM`,`ENSEMBL_TO`,`EVALUE`,`BITSCORE`,`IDENTP`)VALUES ('3nac_H','3nac','H','ENSP00000483207.2',20,117,1,98,'7.37E-60',185.0,91.837);
INSERT INTO `pdb_entry` (`PDB_NO`,`PDB_ID`,`CHAIN`) VALUES ('2xwt_A', '2xwt', 'A');
INSERT INTO `pdb_ensembl_alignment` (`PDB_NO`,`PDB_ID`,`CHAIN`,`ENSEMBL_ID`,`PDB_FROM`,`PDB_TO`,`ENSEMBL_FROM`,`ENSEMBL_TO`,`EVALUE`,`BITSCORE`,`IDENTP`)VALUES ('2xwt_A','2xwt','A','ENSP00000483207.2',20,115,1,96,'1.2E-59',184.0,91.667);
INSERT INTO `pdb_entry` (`PDB_NO`,`PDB_ID`,`CHAIN`) VALUES ('3hmx_H', '3hmx', 'H');
INSERT INTO `pdb_ensembl_alignment` (`PDB_NO`,`PDB_ID`,`CHAIN`,`ENSEMBL_ID`,`PDB_FROM`,`PDB_TO`,`ENSEMBL_FROM`,`ENSEMBL_TO`,`EVALUE`,`BITSCORE`,`IDENTP`)VALUES ('3hmx_H','3hmx','H','ENSP00000483207.2',20,117,1,98,'1.51E-59',184.0,87.755);
INSERT INTO `pdb_entry` (`PDB_NO`,`PDB_ID`,`CHAIN`) VALUES ('3hmw_H', '3hmw', 'H');
INSERT INTO `pdb_ensembl_alignment` (`PDB_NO`,`PDB_ID`,`CHAIN`,`ENSEMBL_ID`,`PDB_FROM`,`PDB_TO`,`ENSEMBL_FROM`,`ENSEMBL_TO`,`EVALUE`,`BITSCORE`,`IDENTP`)VALUES ('3hmw_H','3hmw','H','ENSP00000483207.2',20,117,1,98,'1.51E-59',184.0,87.755);
INSERT INTO `pdb_entry` (`PDB_NO`,`PDB_ID`,`CHAIN`) VALUES ('5a3i_G', '5a3i', 'G');
INSERT INTO `pdb_ensembl_alignment` (`PDB_NO`,`PDB_ID`,`CHAIN`,`ENSEMBL_ID`,`PDB_FROM`,`PDB_TO`,`ENSEMBL_FROM`,`ENSEMBL_TO`,`EVALUE`,`BITSCORE`,`IDENTP`)VALUES ('5a3i_G','5a3i','G','ENSP00000483207.2',20,117,1,98,'1.06E-57',179.0,87.755);
INSERT INTO `pdb_entry` (`PDB_NO`,`PDB_ID`,`CHAIN`) VALUES ('5a3i_C', '5a3i', 'C');
INSERT INTO `pdb_ensembl_alignment` (`PDB_NO`,`PDB_ID`,`CHAIN`,`ENSEMBL_ID`,`PDB_FROM`,`PDB_TO`,`ENSEMBL_FROM`,`ENSEMBL_TO`,`EVALUE`,`BITSCORE`,`IDENTP`)VALUES ('5a3i_C','5a3i','C','ENSP00000483207.2',20,117,1,98,'1.06E-57',179.0,87.755);
INSERT INTO `pdb_entry` (`PDB_NO`,`PDB_ID`,`CHAIN`) VALUES ('3mlw_I', '3mlw', 'I');
INSERT INTO `pdb_ensembl_alignment` (`PDB_NO`,`PDB_ID`,`CHAIN`,`ENSEMBL_ID`,`PDB_FROM`,`PDB_TO`,`ENSEMBL_FROM`,`ENSEMBL_TO`,`EVALUE`,`BITSCORE`,`IDENTP`)VALUES ('3mlw_I','3mlw','I','ENSP00000483207.2',20,117,1,98,'1.2E-57',179.0,83.673);
INSERT INTO `pdb_entry` (`PDB_NO`,`PDB_ID`,`CHAIN`) VALUES ('3mlw_H', '3mlw', 'H');
INSERT INTO `pdb_ensembl_alignment` (`PDB_NO`,`PDB_ID`,`CHAIN`,`ENSEMBL_ID`,`PDB_FROM`,`PDB_TO`,`ENSEMBL_FROM`,`ENSEMBL_TO`,`EVALUE`,`BITSCORE`,`IDENTP`)VALUES ('3mlw_H','3mlw','H','ENSP00000483207.2',20,117,1,98,'1.2E-57',179.0,83.673);
INSERT INTO `pdb_entry` (`PDB_NO`,`PDB_ID`,`CHAIN`) VALUES ('4buh_B', '4buh', 'B');
INSERT INTO `pdb_ensembl_alignment` (`PDB_NO`,`PDB_ID`,`CHAIN`,`ENSEMBL_ID`,`PDB_FROM`,`PDB_TO`,`ENSEMBL_FROM`,`ENSEMBL_TO`,`EVALUE`,`BITSCORE`,`IDENTP`)VALUES ('4buh_B','4buh','B','ENSP00000483207.2',20,117,1,98,'1.28E-57',181.0,86.735);
INSERT INTO `pdb_entry` (`PDB_NO`,`PDB_ID`,`CHAIN`) VALUES ('4buh_A', '4buh', 'A');
INSERT INTO `pdb_ensembl_alignment` (`PDB_NO`,`PDB_ID`,`CHAIN`,`ENSEMBL_ID`,`PDB_FROM`,`PDB_TO`,`ENSEMBL_FROM`,`ENSEMBL_TO`,`EVALUE`,`BITSCORE`,`IDENTP`)VALUES ('4buh_A','4buh','A','ENSP00000483207.2',20,117,1,98,'1.28E-57',181.0,86.735);
INSERT INTO `pdb_entry` (`PDB_NO`,`PDB_ID`,`CHAIN`) VALUES ('2b1h_H', '2b1h', 'H');
INSERT INTO `pdb_ensembl_alignment` (`PDB_NO`,`PDB_ID`,`CHAIN`,`ENSEMBL_ID`,`PDB_FROM`,`PDB_TO`,`ENSEMBL_FROM`,`ENSEMBL_TO`,`EVALUE`,`BITSCORE`,`IDENTP`)VALUES ('2b1h_H','2b1h','H','ENSP00000483207.2',20,117,1,98,'7.53E-57',177.0,82.653);
INSERT INTO `pdb_entry` (`PDB_NO`,`PDB_ID`,`CHAIN`) VALUES ('2b1a_H', '2b1a', 'H');
INSERT INTO `pdb_ensembl_alignment` (`PDB_NO`,`PDB_ID`,`CHAIN`,`ENSEMBL_ID`,`PDB_FROM`,`PDB_TO`,`ENSEMBL_FROM`,`ENSEMBL_TO`,`EVALUE`,`BITSCORE`,`IDENTP`)VALUES ('2b1a_H','2b1a','H','ENSP00000483207.2',20,117,1,98,'7.53E-57',177.0,82.653);
INSERT INTO `pdb_entry` (`PDB_NO`,`PDB_ID`,`CHAIN`) VALUES ('2b0s_H', '2b0s', 'H');
INSERT INTO `pdb_ensembl_alignment` (`PDB_NO`,`PDB_ID`,`CHAIN`,`ENSEMBL_ID`,`PDB_FROM`,`PDB_TO`,`ENSEMBL_FROM`,`ENSEMBL_TO`,`EVALUE`,`BITSCORE`,`IDENTP`)VALUES ('2b0s_H','2b0s','H','ENSP00000483207.2',20,117,1,98,'7.53E-57',177.0,82.653);
INSERT INTO `pdb_entry` (`PDB_NO`,`PDB_ID`,`CHAIN`) VALUES ('3g04_B', '3g04', 'B');
INSERT INTO `pdb_ensembl_alignment` (`PDB_NO`,`PDB_ID`,`CHAIN`,`ENSEMBL_ID`,`PDB_FROM`,`PDB_TO`,`ENSEMBL_FROM`,`ENSEMBL_TO`,`EVALUE`,`BITSCORE`,`IDENTP`)VALUES ('3g04_B','3g04','B','ENSP00000483207.2',20,117,1,98,'2.74E-56',176.0,84.694);
INSERT INTO `pdb_entry` (`PDB_NO`,`PDB_ID`,`CHAIN`) VALUES ('4wuu_E', '4wuu', 'E');
INSERT INTO `pdb_ensembl_alignment` (`PDB_NO`,`PDB_ID`,`CHAIN`,`ENSEMBL_ID`,`PDB_FROM`,`PDB_TO`,`ENSEMBL_FROM`,`ENSEMBL_TO`,`EVALUE`,`BITSCORE`,`IDENTP`)VALUES ('4wuu_E','4wuu','E','ENSP00000483207.2',20,117,1,98,'2.18E-54',171.0,82.653);
INSERT INTO `pdb_entry` (`PDB_NO`,`PDB_ID`,`CHAIN`) VALUES ('4jzj_H', '4jzj', 'H');
INSERT INTO `pdb_ensembl_alignment` (`PDB_NO`,`PDB_ID`,`CHAIN`,`ENSEMBL_ID`,`PDB_FROM`,`PDB_TO`,`ENSEMBL_FROM`,`ENSEMBL_TO`,`EVALUE`,`BITSCORE`,`IDENTP`)VALUES ('4jzj_H','4jzj','H','ENSP00000483207.2',20,117,1,98,'5.03E-53',167.0,82.653);
INSERT INTO `pdb_entry` (`PDB_NO`,`PDB_ID`,`CHAIN`) VALUES ('4jzj_A', '4jzj', 'A');
INSERT INTO `pdb_ensembl_alignment` (`PDB_NO`,`PDB_ID`,`CHAIN`,`ENSEMBL_ID`,`PDB_FROM`,`PDB_TO`,`ENSEMBL_FROM`,`ENSEMBL_TO`,`EVALUE`,`BITSCORE`,`IDENTP`)VALUES ('4jzj_A','4jzj','A','ENSP00000483207.2',20,117,1,98,'5.03E-53',167.0,82.653);
INSERT INTO `pdb_entry` (`PDB_NO`,`PDB_ID`,`CHAIN`) VALUES ('3mlv_N', '3mlv', 'N');
INSERT INTO `pdb_ensembl_alignment` (`PDB_NO`,`PDB_ID`,`CHAIN`,`ENSEMBL_ID`,`PDB_FROM`,`PDB_TO`,`ENSEMBL_FROM`,`ENSEMBL_TO`,`EVALUE`,`BITSCORE`,`IDENTP`)VALUES ('3mlv_N','3mlv','N','ENSP00000483207.2',20,117,1,98,'9.7E-52',164.0,75.51);
INSERT INTO `pdb_entry` (`PDB_NO`,`PDB_ID`,`CHAIN`) VALUES ('3mlv_H', '3mlv', 'H');
INSERT INTO `pdb_ensembl_alignment` (`PDB_NO`,`PDB_ID`,`CHAIN`,`ENSEMBL_ID`,`PDB_FROM`,`PDB_TO`,`ENSEMBL_FROM`,`ENSEMBL_TO`,`EVALUE`,`BITSCORE`,`IDENTP`)VALUES ('3mlv_H','3mlv','H','ENSP00000483207.2',20,117,1,98,'9.7E-52',164.0,75.51);
INSERT INTO `pdb_entry` (`PDB_NO`,`PDB_ID`,`CHAIN`) VALUES ('3mlu_H', '3mlu', 'H');
INSERT INTO `pdb_ensembl_alignment` (`PDB_NO`,`PDB_ID`,`CHAIN`,`ENSEMBL_ID`,`PDB_FROM`,`PDB_TO`,`ENSEMBL_FROM`,`ENSEMBL_TO`,`EVALUE`,`BITSCORE`,`IDENTP`)VALUES ('3mlu_H','3mlu','H','ENSP00000483207.2',20,117,1,98,'9.7E-52',164.0,75.51);
INSERT INTO `pdb_entry` (`PDB_NO`,`PDB_ID`,`CHAIN`) VALUES ('3mlt_I', '3mlt', 'I');
INSERT INTO `pdb_ensembl_alignment` (`PDB_NO`,`PDB_ID`,`CHAIN`,`ENSEMBL_ID`,`PDB_FROM`,`PDB_TO`,`ENSEMBL_FROM`,`ENSEMBL_TO`,`EVALUE`,`BITSCORE`,`IDENTP`)VALUES ('3mlt_I','3mlt','I','ENSP00000483207.2',20,117,1,98,'9.7E-52',164.0,75.51);
INSERT INTO `pdb_entry` (`PDB_NO`,`PDB_ID`,`CHAIN`) VALUES ('3mlt_E', '3mlt', 'E');
INSERT INTO `pdb_ensembl_alignment` (`PDB_NO`,`PDB_ID`,`CHAIN`,`ENSEMBL_ID`,`PDB_FROM`,`PDB_TO`,`ENSEMBL_FROM`,`ENSEMBL_TO`,`EVALUE`,`BITSCORE`,`IDENTP`)VALUES ('3mlt_E','3mlt','E','ENSP00000483207.2',20,117,1,98,'9.7E-52',164.0,75.51);
INSERT INTO `pdb_entry` (`PDB_NO`,`PDB_ID`,`CHAIN`) VALUES ('3mlt_B', '3mlt', 'B');
INSERT INTO `pdb_ensembl_alignment` (`PDB_NO`,`PDB_ID`,`CHAIN`,`ENSEMBL_ID`,`PDB_FROM`,`PDB_TO`,`ENSEMBL_FROM`,`ENSEMBL_TO`,`EVALUE`,`BITSCORE`,`IDENTP`)VALUES ('3mlt_B','3mlt','B','ENSP00000483207.2',20,117,1,98,'9.7E-52',164.0,75.51);
INSERT INTO `pdb_entry` (`PDB_NO`,`PDB_ID`,`CHAIN`) VALUES ('3mlt_H', '3mlt', 'H');
INSERT INTO `pdb_ensembl_alignment` (`PDB_NO`,`PDB_ID`,`CHAIN`,`ENSEMBL_ID`,`PDB_FROM`,`PDB_TO`,`ENSEMBL_FROM`,`ENSEMBL_TO`,`EVALUE`,`BITSCORE`,`IDENTP`)VALUES ('3mlt_H','3mlt','H','ENSP00000483207.2',20,117,1,98,'9.7E-52',164.0,75.51);
INSERT INTO `pdb_entry` (`PDB_NO`,`PDB_ID`,`CHAIN`) VALUES ('3mls_K', '3mls', 'K');
INSERT INTO `pdb_ensembl_alignment` (`PDB_NO`,`PDB_ID`,`CHAIN`,`ENSEMBL_ID`,`PDB_FROM`,`PDB_TO`,`ENSEMBL_FROM`,`ENSEMBL_TO`,`EVALUE`,`BITSCORE`,`IDENTP`)VALUES ('3mls_K','3mls','K','ENSP00000483207.2',20,117,1,98,'9.7E-52',164.0,75.51);
INSERT INTO `pdb_entry` (`PDB_NO`,`PDB_ID`,`CHAIN`) VALUES ('3mls_J', '3mls', 'J');
INSERT INTO `pdb_ensembl_alignment` (`PDB_NO`,`PDB_ID`,`CHAIN`,`ENSEMBL_ID`,`PDB_FROM`,`PDB_TO`,`ENSEMBL_FROM`,`ENSEMBL_TO`,`EVALUE`,`BITSCORE`,`IDENTP`)VALUES ('3mls_J','3mls','J','ENSP00000483207.2',20,117,1,98,'9.7E-52',164.0,75.51);
INSERT INTO `pdb_entry` (`PDB_NO`,`PDB_ID`,`CHAIN`) VALUES ('3mls_I', '3mls', 'I');
INSERT INTO `pdb_ensembl_alignment` (`PDB_NO`,`PDB_ID`,`CHAIN`,`ENSEMBL_ID`,`PDB_FROM`,`PDB_TO`,`ENSEMBL_FROM`,`ENSEMBL_TO`,`EVALUE`,`BITSCORE`,`IDENTP`)VALUES ('3mls_I','3mls','I','ENSP00000483207.2',20,117,1,98,'9.7E-52',164.0,75.51);
INSERT INTO `pdb_entry` (`PDB_NO`,`PDB_ID`,`CHAIN`) VALUES ('3mls_H', '3mls', 'H');
INSERT INTO `pdb_ensembl_alignment` (`PDB_NO`,`PDB_ID`,`CHAIN`,`ENSEMBL_ID`,`PDB_FROM`,`PDB_TO`,`ENSEMBL_FROM`,`ENSEMBL_TO`,`EVALUE`,`BITSCORE`,`IDENTP`)VALUES ('3mls_H','3mls','H','ENSP00000483207.2',20,117,1,98,'9.7E-52',164.0,75.51);
INSERT INTO `pdb_entry` (`PDB_NO`,`PDB_ID`,`CHAIN`) VALUES ('3mlr_H', '3mlr', 'H');
INSERT INTO `pdb_ensembl_alignment` (`PDB_NO`,`PDB_ID`,`CHAIN`,`ENSEMBL_ID`,`PDB_FROM`,`PDB_TO`,`ENSEMBL_FROM`,`ENSEMBL_TO`,`EVALUE`,`BITSCORE`,`IDENTP`)VALUES ('3mlr_H','3mlr','H','ENSP00000483207.2',20,117,1,98,'9.7E-52',164.0,75.51);
INSERT INTO `pdb_entry` (`PDB_NO`,`PDB_ID`,`CHAIN`) VALUES ('3uji_H', '3uji', 'H');
INSERT INTO `pdb_ensembl_alignment` (`PDB_NO`,`PDB_ID`,`CHAIN`,`ENSEMBL_ID`,`PDB_FROM`,`PDB_TO`,`ENSEMBL_FROM`,`ENSEMBL_TO`,`EVALUE`,`BITSCORE`,`IDENTP`)VALUES ('3uji_H','3uji','H','ENSP00000483207.2',20,117,1,98,'1.34E-51',164.0,82.653);
INSERT INTO `pdb_entry` (`PDB_NO`,`PDB_ID`,`CHAIN`) VALUES ('5dum_H', '5dum', 'H');
INSERT INTO `pdb_ensembl_alignment` (`PDB_NO`,`PDB_ID`,`CHAIN`,`ENSEMBL_ID`,`PDB_FROM`,`PDB_TO`,`ENSEMBL_FROM`,`ENSEMBL_TO`,`EVALUE`,`BITSCORE`,`IDENTP`)VALUES ('5dum_H','5dum','H','ENSP00000483207.2',20,116,1,97,'2.6E-51',164.0,82.474);
INSERT INTO `ensembl_entry`(`ENSEMBL_ID`) VALUES('ENSP00000479309.2');
INSERT INTO `pdb_entry` (`PDB_NO`,`PDB_ID`,`CHAIN`) VALUES ('4j4p_D', '4j4p', 'D');
INSERT INTO `pdb_ensembl_alignment` (`PDB_NO`,`PDB_ID`,`CHAIN`,`ENSEMBL_ID`,`PDB_FROM`,`PDB_TO`,`ENSEMBL_FROM`,`ENSEMBL_TO`,`EVALUE`,`BITSCORE`,`IDENTP`)VALUES ('4j4p_D','4j4p','D','ENSP00000479309.2',1,117,1,117,'6.56E-71',213.0,88.034);
INSERT INTO `pdb_entry` (`PDB_NO`,`PDB_ID`,`CHAIN`) VALUES ('4j4p_L', '4j4p', 'L');
INSERT INTO `pdb_ensembl_alignment` (`PDB_NO`,`PDB_ID`,`CHAIN`,`ENSEMBL_ID`,`PDB_FROM`,`PDB_TO`,`ENSEMBL_FROM`,`ENSEMBL_TO`,`EVALUE`,`BITSCORE`,`IDENTP`)VALUES ('4j4p_L','4j4p','L','ENSP00000479309.2',1,117,1,117,'6.56E-71',213.0,88.034);
INSERT INTO `pdb_entry` (`PDB_NO`,`PDB_ID`,`CHAIN`) VALUES ('4c2i_N', '4c2i', 'N');
INSERT INTO `pdb_ensembl_alignment` (`PDB_NO`,`PDB_ID`,`CHAIN`,`ENSEMBL_ID`,`PDB_FROM`,`PDB_TO`,`ENSEMBL_FROM`,`ENSEMBL_TO`,`EVALUE`,`BITSCORE`,`IDENTP`)VALUES ('4c2i_N','4c2i','N','ENSP00000479309.2',13,117,17,121,'8.0E-69',208.0,97.143);
INSERT INTO `pdb_entry` (`PDB_NO`,`PDB_ID`,`CHAIN`) VALUES ('4c2i_L', '4c2i', 'L');
INSERT INTO `pdb_ensembl_alignment` (`PDB_NO`,`PDB_ID`,`CHAIN`,`ENSEMBL_ID`,`PDB_FROM`,`PDB_TO`,`ENSEMBL_FROM`,`ENSEMBL_TO`,`EVALUE`,`BITSCORE`,`IDENTP`)VALUES ('4c2i_L','4c2i','L','ENSP00000479309.2',13,117,17,121,'8.0E-69',208.0,97.143);
INSERT INTO `pdb_entry` (`PDB_NO`,`PDB_ID`,`CHAIN`) VALUES ('4y5x_K', '4y5x', 'K');
INSERT INTO `pdb_ensembl_alignment` (`PDB_NO`,`PDB_ID`,`CHAIN`,`ENSEMBL_ID`,`PDB_FROM`,`PDB_TO`,`ENSEMBL_FROM`,`ENSEMBL_TO`,`EVALUE`,`BITSCORE`,`IDENTP`)VALUES ('4y5x_K','4y5x','K','ENSP00000479309.2',20,116,1,97,'1.39E-61',186.0,94.845);
INSERT INTO `pdb_entry` (`PDB_NO`,`PDB_ID`,`CHAIN`) VALUES ('4y5x_H', '4y5x', 'H');
INSERT INTO `pdb_ensembl_alignment` (`PDB_NO`,`PDB_ID`,`CHAIN`,`ENSEMBL_ID`,`PDB_FROM`,`PDB_TO`,`ENSEMBL_FROM`,`ENSEMBL_TO`,`EVALUE`,`BITSCORE`,`IDENTP`)VALUES ('4y5x_H','4y5x','H','ENSP00000479309.2',20,116,1,97,'1.39E-61',186.0,94.845);
INSERT INTO `pdb_entry` (`PDB_NO`,`PDB_ID`,`CHAIN`) VALUES ('4y5x_E', '4y5x', 'E');
INSERT INTO `pdb_ensembl_alignment` (`PDB_NO`,`PDB_ID`,`CHAIN`,`ENSEMBL_ID`,`PDB_FROM`,`PDB_TO`,`ENSEMBL_FROM`,`ENSEMBL_TO`,`EVALUE`,`BITSCORE`,`IDENTP`)VALUES ('4y5x_E','4y5x','E','ENSP00000479309.2',20,116,1,97,'1.39E-61',186.0,94.845);
INSERT INTO `pdb_entry` (`PDB_NO`,`PDB_ID`,`CHAIN`) VALUES ('4y5x_B', '4y5x', 'B');
INSERT INTO `pdb_ensembl_alignment` (`PDB_NO`,`PDB_ID`,`CHAIN`,`ENSEMBL_ID`,`PDB_FROM`,`PDB_TO`,`ENSEMBL_FROM`,`ENSEMBL_TO`,`EVALUE`,`BITSCORE`,`IDENTP`)VALUES ('4y5x_B','4y5x','B','ENSP00000479309.2',20,116,1,97,'1.39E-61',186.0,94.845);
INSERT INTO `pdb_entry` (`PDB_NO`,`PDB_ID`,`CHAIN`) VALUES ('3g04_A', '3g04', 'A');
INSERT INTO `pdb_ensembl_alignment` (`PDB_NO`,`PDB_ID`,`CHAIN`,`ENSEMBL_ID`,`PDB_FROM`,`PDB_TO`,`ENSEMBL_FROM`,`ENSEMBL_TO`,`EVALUE`,`BITSCORE`,`IDENTP`)VALUES ('3g04_A','3g04','A','ENSP00000479309.2',21,116,2,97,'2.07E-58',181.0,90.625);
INSERT INTO `pdb_entry` (`PDB_NO`,`PDB_ID`,`CHAIN`) VALUES ('3p30_L', '3p30', 'L');
INSERT INTO `pdb_ensembl_alignment` (`PDB_NO`,`PDB_ID`,`CHAIN`,`ENSEMBL_ID`,`PDB_FROM`,`PDB_TO`,`ENSEMBL_FROM`,`ENSEMBL_TO`,`EVALUE`,`BITSCORE`,`IDENTP`)VALUES ('3p30_L','3p30','L','ENSP00000479309.2',20,118,1,99,'1.58E-54',171.0,85.859);
INSERT INTO `pdb_entry` (`PDB_NO`,`PDB_ID`,`CHAIN`) VALUES ('2rhe_A', '2rhe', 'A');
INSERT INTO `pdb_ensembl_alignment` (`PDB_NO`,`PDB_ID`,`CHAIN`,`ENSEMBL_ID`,`PDB_FROM`,`PDB_TO`,`ENSEMBL_FROM`,`ENSEMBL_TO`,`EVALUE`,`BITSCORE`,`IDENTP`)VALUES ('2rhe_A','2rhe','A','ENSP00000479309.2',20,118,1,99,'1.0E-53',166.0,80.808);
INSERT INTO `pdb_entry` (`PDB_NO`,`PDB_ID`,`CHAIN`) VALUES ('3lrh_O', '3lrh', 'O');
INSERT INTO `pdb_ensembl_alignment` (`PDB_NO`,`PDB_ID`,`CHAIN`,`ENSEMBL_ID`,`PDB_FROM`,`PDB_TO`,`ENSEMBL_FROM`,`ENSEMBL_TO`,`EVALUE`,`BITSCORE`,`IDENTP`)VALUES ('3lrh_O','3lrh','O','ENSP00000479309.2',19,117,3,101,'8.23E-52',161.0,80.808);
INSERT INTO `pdb_entry` (`PDB_NO`,`PDB_ID`,`CHAIN`) VALUES ('3lrh_M', '3lrh', 'M');
INSERT INTO `pdb_ensembl_alignment` (`PDB_NO`,`PDB_ID`,`CHAIN`,`ENSEMBL_ID`,`PDB_FROM`,`PDB_TO`,`ENSEMBL_FROM`,`ENSEMBL_TO`,`EVALUE`,`BITSCORE`,`IDENTP`)VALUES ('3lrh_M','3lrh','M','ENSP00000479309.2',19,117,3,101,'8.23E-52',161.0,80.808);
INSERT INTO `pdb_entry` (`PDB_NO`,`PDB_ID`,`CHAIN`) VALUES ('3lrh_K', '3lrh', 'K');
INSERT INTO `pdb_ensembl_alignment` (`PDB_NO`,`PDB_ID`,`CHAIN`,`ENSEMBL_ID`,`PDB_FROM`,`PDB_TO`,`ENSEMBL_FROM`,`ENSEMBL_TO`,`EVALUE`,`BITSCORE`,`IDENTP`)VALUES ('3lrh_K','3lrh','K','ENSP00000479309.2',19,117,3,101,'8.23E-52',161.0,80.808);
INSERT INTO `pdb_entry` (`PDB_NO`,`PDB_ID`,`CHAIN`) VALUES ('3lrh_I', '3lrh', 'I');
INSERT INTO `pdb_ensembl_alignment` (`PDB_NO`,`PDB_ID`,`CHAIN`,`ENSEMBL_ID`,`PDB_FROM`,`PDB_TO`,`ENSEMBL_FROM`,`ENSEMBL_TO`,`EVALUE`,`BITSCORE`,`IDENTP`)VALUES ('3lrh_I','3lrh','I','ENSP00000479309.2',19,117,3,101,'8.23E-52',161.0,80.808);
INSERT INTO `pdb_entry` (`PDB_NO`,`PDB_ID`,`CHAIN`) VALUES ('3lrh_G', '3lrh', 'G');
INSERT INTO `pdb_ensembl_alignment` (`PDB_NO`,`PDB_ID`,`CHAIN`,`ENSEMBL_ID`,`PDB_FROM`,`PDB_TO`,`ENSEMBL_FROM`,`ENSEMBL_TO`,`EVALUE`,`BITSCORE`,`IDENTP`)VALUES ('3lrh_G','3lrh','G','ENSP00000479309.2',19,117,3,101,'8.23E-52',161.0,80.808);
INSERT INTO `pdb_entry` (`PDB_NO`,`PDB_ID`,`CHAIN`) VALUES ('3lrh_E', '3lrh', 'E');
INSERT INTO `pdb_ensembl_alignment` (`PDB_NO`,`PDB_ID`,`CHAIN`,`ENSEMBL_ID`,`PDB_FROM`,`PDB_TO`,`ENSEMBL_FROM`,`ENSEMBL_TO`,`EVALUE`,`BITSCORE`,`IDENTP`)VALUES ('3lrh_E','3lrh','E','ENSP00000479309.2',19,117,3,101,'8.23E-52',161.0,80.808);
INSERT INTO `pdb_entry` (`PDB_NO`,`PDB_ID`,`CHAIN`) VALUES ('3lrh_C', '3lrh', 'C');
INSERT INTO `pdb_ensembl_alignment` (`PDB_NO`,`PDB_ID`,`CHAIN`,`ENSEMBL_ID`,`PDB_FROM`,`PDB_TO`,`ENSEMBL_FROM`,`ENSEMBL_TO`,`EVALUE`,`BITSCORE`,`IDENTP`)VALUES ('3lrh_C','3lrh','C','ENSP00000479309.2',19,117,3,101,'8.23E-52',161.0,80.808);
INSERT INTO `pdb_entry` (`PDB_NO`,`PDB_ID`,`CHAIN`) VALUES ('3lrh_A', '3lrh', 'A');
INSERT INTO `pdb_ensembl_alignment` (`PDB_NO`,`PDB_ID`,`CHAIN`,`ENSEMBL_ID`,`PDB_FROM`,`PDB_TO`,`ENSEMBL_FROM`,`ENSEMBL_TO`,`EVALUE`,`BITSCORE`,`IDENTP`)VALUES ('3lrh_A','3lrh','A','ENSP00000479309.2',19,117,3,101,'8.23E-52',161.0,80.808);
INSERT INTO `pdb_entry` (`PDB_NO`,`PDB_ID`,`CHAIN`) VALUES ('3lrg_B', '3lrg', 'B');
INSERT INTO `pdb_ensembl_alignment` (`PDB_NO`,`PDB_ID`,`CHAIN`,`ENSEMBL_ID`,`PDB_FROM`,`PDB_TO`,`ENSEMBL_FROM`,`ENSEMBL_TO`,`EVALUE`,`BITSCORE`,`IDENTP`)VALUES ('3lrg_B','3lrg','B','ENSP00000479309.2',19,117,3,101,'8.23E-52',161.0,80.808);
INSERT INTO `pdb_entry` (`PDB_NO`,`PDB_ID`,`CHAIN`) VALUES ('3lrg_A', '3lrg', 'A');
INSERT INTO `pdb_ensembl_alignment` (`PDB_NO`,`PDB_ID`,`CHAIN`,`ENSEMBL_ID`,`PDB_FROM`,`PDB_TO`,`ENSEMBL_FROM`,`ENSEMBL_TO`,`EVALUE`,`BITSCORE`,`IDENTP`)VALUES ('3lrg_A','3lrg','A','ENSP00000479309.2',19,117,3,101,'8.23E-52',161.0,80.808);
INSERT INTO `pdb_entry` (`PDB_NO`,`PDB_ID`,`CHAIN`) VALUES ('3tje_L', '3tje', 'L');
INSERT INTO `pdb_ensembl_alignment` (`PDB_NO`,`PDB_ID`,`CHAIN`,`ENSEMBL_ID`,`PDB_FROM`,`PDB_TO`,`ENSEMBL_FROM`,`ENSEMBL_TO`,`EVALUE`,`BITSCORE`,`IDENTP`)VALUES ('3tje_L','3tje','L','ENSP00000479309.2',20,117,1,98,'2.21E-51',163.0,82.653);
INSERT INTO `pdb_entry` (`PDB_NO`,`PDB_ID`,`CHAIN`) VALUES ('2j6e_M', '2j6e', 'M');
INSERT INTO `pdb_ensembl_alignment` (`PDB_NO`,`PDB_ID`,`CHAIN`,`ENSEMBL_ID`,`PDB_FROM`,`PDB_TO`,`ENSEMBL_FROM`,`ENSEMBL_TO`,`EVALUE`,`BITSCORE`,`IDENTP`)VALUES ('2j6e_M','2j6e','M','ENSP00000479309.2',1,116,1,116,'2.67E-51',163.0,81.897);
INSERT INTO `pdb_entry` (`PDB_NO`,`PDB_ID`,`CHAIN`) VALUES ('2j6e_L', '2j6e', 'L');
INSERT INTO `pdb_ensembl_alignment` (`PDB_NO`,`PDB_ID`,`CHAIN`,`ENSEMBL_ID`,`PDB_FROM`,`PDB_TO`,`ENSEMBL_FROM`,`ENSEMBL_TO`,`EVALUE`,`BITSCORE`,`IDENTP`)VALUES ('2j6e_L','2j6e','L','ENSP00000479309.2',1,116,1,116,'2.67E-51',163.0,81.897);
INSERT INTO `ensembl_entry`(`ENSEMBL_ID`) VALUES('ENSP00000477718.1');
INSERT INTO `pdb_ensembl_alignment` (`PDB_NO`,`PDB_ID`,`CHAIN`,`ENSEMBL_ID`,`PDB_FROM`,`PDB_TO`,`ENSEMBL_FROM`,`ENSEMBL_TO`,`EVALUE`,`BITSCORE`,`IDENTP`)VALUES ('4j4p_D','4j4p','D','ENSP00000477718.1',1,117,1,117,'1.04E-70',213.0,89.744);
INSERT INTO `pdb_ensembl_alignment` (`PDB_NO`,`PDB_ID`,`CHAIN`,`ENSEMBL_ID`,`PDB_FROM`,`PDB_TO`,`ENSEMBL_FROM`,`ENSEMBL_TO`,`EVALUE`,`BITSCORE`,`IDENTP`)VALUES ('4j4p_L','4j4p','L','ENSP00000477718.1',1,117,1,117,'1.04E-70',213.0,89.744);
INSERT INTO `pdb_ensembl_alignment` (`PDB_NO`,`PDB_ID`,`CHAIN`,`ENSEMBL_ID`,`PDB_FROM`,`PDB_TO`,`ENSEMBL_FROM`,`ENSEMBL_TO`,`EVALUE`,`BITSCORE`,`IDENTP`)VALUES ('4c2i_N','4c2i','N','ENSP00000477718.1',13,117,17,121,'1.84E-68',207.0,96.19);
INSERT INTO `pdb_ensembl_alignment` (`PDB_NO`,`PDB_ID`,`CHAIN`,`ENSEMBL_ID`,`PDB_FROM`,`PDB_TO`,`ENSEMBL_FROM`,`ENSEMBL_TO`,`EVALUE`,`BITSCORE`,`IDENTP`)VALUES ('4c2i_L','4c2i','L','ENSP00000477718.1',13,117,17,121,'1.84E-68',207.0,96.19);
INSERT INTO `pdb_ensembl_alignment` (`PDB_NO`,`PDB_ID`,`CHAIN`,`ENSEMBL_ID`,`PDB_FROM`,`PDB_TO`,`ENSEMBL_FROM`,`ENSEMBL_TO`,`EVALUE`,`BITSCORE`,`IDENTP`)VALUES ('4y5x_K','4y5x','K','ENSP00000477718.1',20,116,1,97,'1.07E-61',186.0,94.845);
INSERT INTO `pdb_ensembl_alignment` (`PDB_NO`,`PDB_ID`,`CHAIN`,`ENSEMBL_ID`,`PDB_FROM`,`PDB_TO`,`ENSEMBL_FROM`,`ENSEMBL_TO`,`EVALUE`,`BITSCORE`,`IDENTP`)VALUES ('4y5x_H','4y5x','H','ENSP00000477718.1',20,116,1,97,'1.07E-61',186.0,94.845);
INSERT INTO `pdb_ensembl_alignment` (`PDB_NO`,`PDB_ID`,`CHAIN`,`ENSEMBL_ID`,`PDB_FROM`,`PDB_TO`,`ENSEMBL_FROM`,`ENSEMBL_TO`,`EVALUE`,`BITSCORE`,`IDENTP`)VALUES ('4y5x_E','4y5x','E','ENSP00000477718.1',20,116,1,97,'1.07E-61',186.0,94.845);
INSERT INTO `pdb_ensembl_alignment` (`PDB_NO`,`PDB_ID`,`CHAIN`,`ENSEMBL_ID`,`PDB_FROM`,`PDB_TO`,`ENSEMBL_FROM`,`ENSEMBL_TO`,`EVALUE`,`BITSCORE`,`IDENTP`)VALUES ('4y5x_B','4y5x','B','ENSP00000477718.1',20,116,1,97,'1.07E-61',186.0,94.845);
INSERT INTO `pdb_ensembl_alignment` (`PDB_NO`,`PDB_ID`,`CHAIN`,`ENSEMBL_ID`,`PDB_FROM`,`PDB_TO`,`ENSEMBL_FROM`,`ENSEMBL_TO`,`EVALUE`,`BITSCORE`,`IDENTP`)VALUES ('3g04_A','3g04','A','ENSP00000477718.1',21,116,2,97,'1.82E-58',181.0,90.625);
INSERT INTO `pdb_ensembl_alignment` (`PDB_NO`,`PDB_ID`,`CHAIN`,`ENSEMBL_ID`,`PDB_FROM`,`PDB_TO`,`ENSEMBL_FROM`,`ENSEMBL_TO`,`EVALUE`,`BITSCORE`,`IDENTP`)VALUES ('3p30_L','3p30','L','ENSP00000477718.1',20,117,1,98,'9.17E-54',169.0,85.714);
INSERT INTO `pdb_ensembl_alignment` (`PDB_NO`,`PDB_ID`,`CHAIN`,`ENSEMBL_ID`,`PDB_FROM`,`PDB_TO`,`ENSEMBL_FROM`,`ENSEMBL_TO`,`EVALUE`,`BITSCORE`,`IDENTP`)VALUES ('2rhe_A','2rhe','A','ENSP00000477718.1',20,116,1,97,'3.12E-53',164.0,81.443);
INSERT INTO `pdb_ensembl_alignment` (`PDB_NO`,`PDB_ID`,`CHAIN`,`ENSEMBL_ID`,`PDB_FROM`,`PDB_TO`,`ENSEMBL_FROM`,`ENSEMBL_TO`,`EVALUE`,`BITSCORE`,`IDENTP`)VALUES ('3lrh_O','3lrh','O','ENSP00000477718.1',19,117,3,101,'3.92E-52',162.0,80.808);
INSERT INTO `pdb_ensembl_alignment` (`PDB_NO`,`PDB_ID`,`CHAIN`,`ENSEMBL_ID`,`PDB_FROM`,`PDB_TO`,`ENSEMBL_FROM`,`ENSEMBL_TO`,`EVALUE`,`BITSCORE`,`IDENTP`)VALUES ('3lrh_M','3lrh','M','ENSP00000477718.1',19,117,3,101,'3.92E-52',162.0,80.808);
INSERT INTO `pdb_ensembl_alignment` (`PDB_NO`,`PDB_ID`,`CHAIN`,`ENSEMBL_ID`,`PDB_FROM`,`PDB_TO`,`ENSEMBL_FROM`,`ENSEMBL_TO`,`EVALUE`,`BITSCORE`,`IDENTP`)VALUES ('3lrh_K','3lrh','K','ENSP00000477718.1',19,117,3,101,'3.92E-52',162.0,80.808);
INSERT INTO `pdb_ensembl_alignment` (`PDB_NO`,`PDB_ID`,`CHAIN`,`ENSEMBL_ID`,`PDB_FROM`,`PDB_TO`,`ENSEMBL_FROM`,`ENSEMBL_TO`,`EVALUE`,`BITSCORE`,`IDENTP`)VALUES ('3lrh_I','3lrh','I','ENSP00000477718.1',19,117,3,101,'3.92E-52',162.0,80.808);
INSERT INTO `pdb_ensembl_alignment` (`PDB_NO`,`PDB_ID`,`CHAIN`,`ENSEMBL_ID`,`PDB_FROM`,`PDB_TO`,`ENSEMBL_FROM`,`ENSEMBL_TO`,`EVALUE`,`BITSCORE`,`IDENTP`)VALUES ('3lrh_G','3lrh','G','ENSP00000477718.1',19,117,3,101,'3.92E-52',162.0,80.808);
INSERT INTO `pdb_ensembl_alignment` (`PDB_NO`,`PDB_ID`,`CHAIN`,`ENSEMBL_ID`,`PDB_FROM`,`PDB_TO`,`ENSEMBL_FROM`,`ENSEMBL_TO`,`EVALUE`,`BITSCORE`,`IDENTP`)VALUES ('3lrh_E','3lrh','E','ENSP00000477718.1',19,117,3,101,'3.92E-52',162.0,80.808);
INSERT INTO `pdb_ensembl_alignment` (`PDB_NO`,`PDB_ID`,`CHAIN`,`ENSEMBL_ID`,`PDB_FROM`,`PDB_TO`,`ENSEMBL_FROM`,`ENSEMBL_TO`,`EVALUE`,`BITSCORE`,`IDENTP`)VALUES ('3lrh_C','3lrh','C','ENSP00000477718.1',19,117,3,101,'3.92E-52',162.0,80.808);
INSERT INTO `pdb_ensembl_alignment` (`PDB_NO`,`PDB_ID`,`CHAIN`,`ENSEMBL_ID`,`PDB_FROM`,`PDB_TO`,`ENSEMBL_FROM`,`ENSEMBL_TO`,`EVALUE`,`BITSCORE`,`IDENTP`)VALUES ('3lrh_A','3lrh','A','ENSP00000477718.1',19,117,3,101,'3.92E-52',162.0,80.808);
INSERT INTO `pdb_ensembl_alignment` (`PDB_NO`,`PDB_ID`,`CHAIN`,`ENSEMBL_ID`,`PDB_FROM`,`PDB_TO`,`ENSEMBL_FROM`,`ENSEMBL_TO`,`EVALUE`,`BITSCORE`,`IDENTP`)VALUES ('3lrg_B','3lrg','B','ENSP00000477718.1',19,117,3,101,'3.92E-52',162.0,80.808);
INSERT INTO `pdb_ensembl_alignment` (`PDB_NO`,`PDB_ID`,`CHAIN`,`ENSEMBL_ID`,`PDB_FROM`,`PDB_TO`,`ENSEMBL_FROM`,`ENSEMBL_TO`,`EVALUE`,`BITSCORE`,`IDENTP`)VALUES ('3lrg_A','3lrg','A','ENSP00000477718.1',19,117,3,101,'3.92E-52',162.0,80.808);
INSERT INTO `pdb_ensembl_alignment` (`PDB_NO`,`PDB_ID`,`CHAIN`,`ENSEMBL_ID`,`PDB_FROM`,`PDB_TO`,`ENSEMBL_FROM`,`ENSEMBL_TO`,`EVALUE`,`BITSCORE`,`IDENTP`)VALUES ('3tje_L','3tje','L','ENSP00000477718.1',20,117,1,98,'1.69E-51',163.0,82.653);
INSERT INTO `ensembl_entry`(`ENSEMBL_ID`) VALUES('ENSP00000487591.1');
INSERT INTO `pdb_entry` (`PDB_NO`,`PDB_ID`,`CHAIN`) VALUES ('4kte_L', '4kte', 'L');
INSERT INTO `pdb_ensembl_alignment` (`PDB_NO`,`PDB_ID`,`CHAIN`,`ENSEMBL_ID`,`PDB_FROM`,`PDB_TO`,`ENSEMBL_FROM`,`ENSEMBL_TO`,`EVALUE`,`BITSCORE`,`IDENTP`)VALUES ('4kte_L','4kte','L','ENSP00000487591.1',20,118,1,99,'8.88E-55',172.0,84.848);
INSERT INTO `pdb_entry` (`PDB_NO`,`PDB_ID`,`CHAIN`) VALUES ('4ktd_L', '4ktd', 'L');
INSERT INTO `pdb_ensembl_alignment` (`PDB_NO`,`PDB_ID`,`CHAIN`,`ENSEMBL_ID`,`PDB_FROM`,`PDB_TO`,`ENSEMBL_FROM`,`ENSEMBL_TO`,`EVALUE`,`BITSCORE`,`IDENTP`)VALUES ('4ktd_L','4ktd','L','ENSP00000487591.1',20,122,1,103,'1.32E-53',169.0,79.612);
INSERT INTO `ensembl_entry`(`ENSEMBL_ID`) VALUES('ENSP00000420020.1');
INSERT INTO `pdb_entry` (`PDB_NO`,`PDB_ID`,`CHAIN`) VALUES ('2q20_B', '2q20', 'B');
INSERT INTO `pdb_ensembl_alignment` (`PDB_NO`,`PDB_ID`,`CHAIN`,`ENSEMBL_ID`,`PDB_FROM`,`PDB_TO`,`ENSEMBL_FROM`,`ENSEMBL_TO`,`EVALUE`,`BITSCORE`,`IDENTP`)VALUES ('2q20_B','2q20','B','ENSP00000420020.1',23,117,3,97,'9.28E-66',196.0,100.0);
INSERT INTO `pdb_entry` (`PDB_NO`,`PDB_ID`,`CHAIN`) VALUES ('2q20_A', '2q20', 'A');
INSERT INTO `pdb_ensembl_alignment` (`PDB_NO`,`PDB_ID`,`CHAIN`,`ENSEMBL_ID`,`PDB_FROM`,`PDB_TO`,`ENSEMBL_FROM`,`ENSEMBL_TO`,`EVALUE`,`BITSCORE`,`IDENTP`)VALUES ('2q20_A','2q20','A','ENSP00000420020.1',23,117,3,97,'9.28E-66',196.0,100.0);
INSERT INTO `pdb_entry` (`PDB_NO`,`PDB_ID`,`CHAIN`) VALUES ('4k07_J', '4k07', 'J');
INSERT INTO `pdb_ensembl_alignment` (`PDB_NO`,`PDB_ID`,`CHAIN`,`ENSEMBL_ID`,`PDB_FROM`,`PDB_TO`,`ENSEMBL_FROM`,`ENSEMBL_TO`,`EVALUE`,`BITSCORE`,`IDENTP`)VALUES ('4k07_J','4k07','J','ENSP00000420020.1',7,117,3,117,'2.13E-65',196.0,86.957);
INSERT INTO `pdb_entry` (`PDB_NO`,`PDB_ID`,`CHAIN`) VALUES ('4k07_I', '4k07', 'I');
INSERT INTO `pdb_ensembl_alignment` (`PDB_NO`,`PDB_ID`,`CHAIN`,`ENSEMBL_ID`,`PDB_FROM`,`PDB_TO`,`ENSEMBL_FROM`,`ENSEMBL_TO`,`EVALUE`,`BITSCORE`,`IDENTP`)VALUES ('4k07_I','4k07','I','ENSP00000420020.1',7,117,3,117,'2.13E-65',196.0,86.957);
INSERT INTO `pdb_entry` (`PDB_NO`,`PDB_ID`,`CHAIN`) VALUES ('4k07_H', '4k07', 'H');
INSERT INTO `pdb_ensembl_alignment` (`PDB_NO`,`PDB_ID`,`CHAIN`,`ENSEMBL_ID`,`PDB_FROM`,`PDB_TO`,`ENSEMBL_FROM`,`ENSEMBL_TO`,`EVALUE`,`BITSCORE`,`IDENTP`)VALUES ('4k07_H','4k07','H','ENSP00000420020.1',7,117,3,117,'2.13E-65',196.0,86.957);
INSERT INTO `pdb_entry` (`PDB_NO`,`PDB_ID`,`CHAIN`) VALUES ('4k07_G', '4k07', 'G');
INSERT INTO `pdb_ensembl_alignment` (`PDB_NO`,`PDB_ID`,`CHAIN`,`ENSEMBL_ID`,`PDB_FROM`,`PDB_TO`,`ENSEMBL_FROM`,`ENSEMBL_TO`,`EVALUE`,`BITSCORE`,`IDENTP`)VALUES ('4k07_G','4k07','G','ENSP00000420020.1',7,117,3,117,'2.13E-65',196.0,86.957);
INSERT INTO `pdb_entry` (`PDB_NO`,`PDB_ID`,`CHAIN`) VALUES ('4k07_F', '4k07', 'F');
INSERT INTO `pdb_ensembl_alignment` (`PDB_NO`,`PDB_ID`,`CHAIN`,`ENSEMBL_ID`,`PDB_FROM`,`PDB_TO`,`ENSEMBL_FROM`,`ENSEMBL_TO`,`EVALUE`,`BITSCORE`,`IDENTP`)VALUES ('4k07_F','4k07','F','ENSP00000420020.1',7,117,3,117,'2.13E-65',196.0,86.957);
INSERT INTO `pdb_entry` (`PDB_NO`,`PDB_ID`,`CHAIN`) VALUES ('4k07_E', '4k07', 'E');
INSERT INTO `pdb_ensembl_alignment` (`PDB_NO`,`PDB_ID`,`CHAIN`,`ENSEMBL_ID`,`PDB_FROM`,`PDB_TO`,`ENSEMBL_FROM`,`ENSEMBL_TO`,`EVALUE`,`BITSCORE`,`IDENTP`)VALUES ('4k07_E','4k07','E','ENSP00000420020.1',7,117,3,117,'2.13E-65',196.0,86.957);
INSERT INTO `pdb_entry` (`PDB_NO`,`PDB_ID`,`CHAIN`) VALUES ('4k07_D', '4k07', 'D');
INSERT INTO `pdb_ensembl_alignment` (`PDB_NO`,`PDB_ID`,`CHAIN`,`ENSEMBL_ID`,`PDB_FROM`,`PDB_TO`,`ENSEMBL_FROM`,`ENSEMBL_TO`,`EVALUE`,`BITSCORE`,`IDENTP`)VALUES ('4k07_D','4k07','D','ENSP00000420020.1',7,117,3,117,'2.13E-65',196.0,86.957);
INSERT INTO `pdb_entry` (`PDB_NO`,`PDB_ID`,`CHAIN`) VALUES ('4k07_C', '4k07', 'C');
INSERT INTO `pdb_ensembl_alignment` (`PDB_NO`,`PDB_ID`,`CHAIN`,`ENSEMBL_ID`,`PDB_FROM`,`PDB_TO`,`ENSEMBL_FROM`,`ENSEMBL_TO`,`EVALUE`,`BITSCORE`,`IDENTP`)VALUES ('4k07_C','4k07','C','ENSP00000420020.1',7,117,3,117,'2.13E-65',196.0,86.957);
INSERT INTO `pdb_entry` (`PDB_NO`,`PDB_ID`,`CHAIN`) VALUES ('4k07_B', '4k07', 'B');
INSERT INTO `pdb_ensembl_alignment` (`PDB_NO`,`PDB_ID`,`CHAIN`,`ENSEMBL_ID`,`PDB_FROM`,`PDB_TO`,`ENSEMBL_FROM`,`ENSEMBL_TO`,`EVALUE`,`BITSCORE`,`IDENTP`)VALUES ('4k07_B','4k07','B','ENSP00000420020.1',7,117,3,117,'2.13E-65',196.0,86.957);
INSERT INTO `pdb_entry` (`PDB_NO`,`PDB_ID`,`CHAIN`) VALUES ('4k07_A', '4k07', 'A');
INSERT INTO `pdb_ensembl_alignment` (`PDB_NO`,`PDB_ID`,`CHAIN`,`ENSEMBL_ID`,`PDB_FROM`,`PDB_TO`,`ENSEMBL_FROM`,`ENSEMBL_TO`,`EVALUE`,`BITSCORE`,`IDENTP`)VALUES ('4k07_A','4k07','A','ENSP00000420020.1',7,117,3,117,'2.13E-65',196.0,86.957);
INSERT INTO `pdb_entry` (`PDB_NO`,`PDB_ID`,`CHAIN`) VALUES ('2kqm_B', '2kqm', 'B');
INSERT INTO `pdb_ensembl_alignment` (`PDB_NO`,`PDB_ID`,`CHAIN`,`ENSEMBL_ID`,`PDB_FROM`,`PDB_TO`,`ENSEMBL_FROM`,`ENSEMBL_TO`,`EVALUE`,`BITSCORE`,`IDENTP`)VALUES ('2kqm_B','2kqm','B','ENSP00000420020.1',23,117,3,97,'2.69E-65',194.0,98.947);
INSERT INTO `pdb_entry` (`PDB_NO`,`PDB_ID`,`CHAIN`) VALUES ('2kqm_A', '2kqm', 'A');
INSERT INTO `pdb_ensembl_alignment` (`PDB_NO`,`PDB_ID`,`CHAIN`,`ENSEMBL_ID`,`PDB_FROM`,`PDB_TO`,`ENSEMBL_FROM`,`ENSEMBL_TO`,`EVALUE`,`BITSCORE`,`IDENTP`)VALUES ('2kqm_A','2kqm','A','ENSP00000420020.1',23,117,3,97,'2.69E-65',194.0,98.947);
INSERT INTO `pdb_entry` (`PDB_NO`,`PDB_ID`,`CHAIN`) VALUES ('3cdf_F', '3cdf', 'F');
INSERT INTO `pdb_ensembl_alignment` (`PDB_NO`,`PDB_ID`,`CHAIN`,`ENSEMBL_ID`,`PDB_FROM`,`PDB_TO`,`ENSEMBL_FROM`,`ENSEMBL_TO`,`EVALUE`,`BITSCORE`,`IDENTP`)VALUES ('3cdf_F','3cdf','F','ENSP00000420020.1',23,117,3,97,'2.75E-65',194.0,98.947);
INSERT INTO `pdb_entry` (`PDB_NO`,`PDB_ID`,`CHAIN`) VALUES ('3cdf_E', '3cdf', 'E');
INSERT INTO `pdb_ensembl_alignment` (`PDB_NO`,`PDB_ID`,`CHAIN`,`ENSEMBL_ID`,`PDB_FROM`,`PDB_TO`,`ENSEMBL_FROM`,`ENSEMBL_TO`,`EVALUE`,`BITSCORE`,`IDENTP`)VALUES ('3cdf_E','3cdf','E','ENSP00000420020.1',23,117,3,97,'2.75E-65',194.0,98.947);
INSERT INTO `pdb_entry` (`PDB_NO`,`PDB_ID`,`CHAIN`) VALUES ('3cdf_D', '3cdf', 'D');
INSERT INTO `pdb_ensembl_alignment` (`PDB_NO`,`PDB_ID`,`CHAIN`,`ENSEMBL_ID`,`PDB_FROM`,`PDB_TO`,`ENSEMBL_FROM`,`ENSEMBL_TO`,`EVALUE`,`BITSCORE`,`IDENTP`)VALUES ('3cdf_D','3cdf','D','ENSP00000420020.1',23,117,3,97,'2.75E-65',194.0,98.947);
INSERT INTO `pdb_entry` (`PDB_NO`,`PDB_ID`,`CHAIN`) VALUES ('3cdf_C', '3cdf', 'C');
INSERT INTO `pdb_ensembl_alignment` (`PDB_NO`,`PDB_ID`,`CHAIN`,`ENSEMBL_ID`,`PDB_FROM`,`PDB_TO`,`ENSEMBL_FROM`,`ENSEMBL_TO`,`EVALUE`,`BITSCORE`,`IDENTP`)VALUES ('3cdf_C','3cdf','C','ENSP00000420020.1',23,117,3,97,'2.75E-65',194.0,98.947);
INSERT INTO `pdb_entry` (`PDB_NO`,`PDB_ID`,`CHAIN`) VALUES ('3cdf_B', '3cdf', 'B');
INSERT INTO `pdb_ensembl_alignment` (`PDB_NO`,`PDB_ID`,`CHAIN`,`ENSEMBL_ID`,`PDB_FROM`,`PDB_TO`,`ENSEMBL_FROM`,`ENSEMBL_TO`,`EVALUE`,`BITSCORE`,`IDENTP`)VALUES ('3cdf_B','3cdf','B','ENSP00000420020.1',23,117,3,97,'2.75E-65',194.0,98.947);
INSERT INTO `pdb_entry` (`PDB_NO`,`PDB_ID`,`CHAIN`) VALUES ('3cdf_A', '3cdf', 'A');
INSERT INTO `pdb_ensembl_alignment` (`PDB_NO`,`PDB_ID`,`CHAIN`,`ENSEMBL_ID`,`PDB_FROM`,`PDB_TO`,`ENSEMBL_FROM`,`ENSEMBL_TO`,`EVALUE`,`BITSCORE`,`IDENTP`)VALUES ('3cdf_A','3cdf','A','ENSP00000420020.1',23,117,3,97,'2.75E-65',194.0,98.947);
INSERT INTO `pdb_entry` (`PDB_NO`,`PDB_ID`,`CHAIN`) VALUES ('3cdc_B', '3cdc', 'B');
INSERT INTO `pdb_ensembl_alignment` (`PDB_NO`,`PDB_ID`,`CHAIN`,`ENSEMBL_ID`,`PDB_FROM`,`PDB_TO`,`ENSEMBL_FROM`,`ENSEMBL_TO`,`EVALUE`,`BITSCORE`,`IDENTP`)VALUES ('3cdc_B','3cdc','B','ENSP00000420020.1',23,117,3,97,'8.44E-64',191.0,97.895);
INSERT INTO `pdb_entry` (`PDB_NO`,`PDB_ID`,`CHAIN`) VALUES ('3cdc_A', '3cdc', 'A');
INSERT INTO `pdb_ensembl_alignment` (`PDB_NO`,`PDB_ID`,`CHAIN`,`ENSEMBL_ID`,`PDB_FROM`,`PDB_TO`,`ENSEMBL_FROM`,`ENSEMBL_TO`,`EVALUE`,`BITSCORE`,`IDENTP`)VALUES ('3cdc_A','3cdc','A','ENSP00000420020.1',23,117,3,97,'8.44E-64',191.0,97.895);
INSERT INTO `pdb_entry` (`PDB_NO`,`PDB_ID`,`CHAIN`) VALUES ('3dvi_A', '3dvi', 'A');
INSERT INTO `pdb_ensembl_alignment` (`PDB_NO`,`PDB_ID`,`CHAIN`,`ENSEMBL_ID`,`PDB_FROM`,`PDB_TO`,`ENSEMBL_FROM`,`ENSEMBL_TO`,`EVALUE`,`BITSCORE`,`IDENTP`)VALUES ('3dvi_A','3dvi','A','ENSP00000420020.1',23,117,2,96,'3.11E-63',189.0,97.895);
INSERT INTO `pdb_entry` (`PDB_NO`,`PDB_ID`,`CHAIN`) VALUES ('3u79_H', '3u79', 'H');
INSERT INTO `pdb_ensembl_alignment` (`PDB_NO`,`PDB_ID`,`CHAIN`,`ENSEMBL_ID`,`PDB_FROM`,`PDB_TO`,`ENSEMBL_FROM`,`ENSEMBL_TO`,`EVALUE`,`BITSCORE`,`IDENTP`)VALUES ('3u79_H','3u79','H','ENSP00000420020.1',23,117,3,97,'7.39E-63',188.0,96.842);
INSERT INTO `pdb_entry` (`PDB_NO`,`PDB_ID`,`CHAIN`) VALUES ('3u79_G', '3u79', 'G');
INSERT INTO `pdb_ensembl_alignment` (`PDB_NO`,`PDB_ID`,`CHAIN`,`ENSEMBL_ID`,`PDB_FROM`,`PDB_TO`,`ENSEMBL_FROM`,`ENSEMBL_TO`,`EVALUE`,`BITSCORE`,`IDENTP`)VALUES ('3u79_G','3u79','G','ENSP00000420020.1',23,117,3,97,'7.39E-63',188.0,96.842);
INSERT INTO `pdb_entry` (`PDB_NO`,`PDB_ID`,`CHAIN`) VALUES ('3u79_F', '3u79', 'F');
INSERT INTO `pdb_ensembl_alignment` (`PDB_NO`,`PDB_ID`,`CHAIN`,`ENSEMBL_ID`,`PDB_FROM`,`PDB_TO`,`ENSEMBL_FROM`,`ENSEMBL_TO`,`EVALUE`,`BITSCORE`,`IDENTP`)VALUES ('3u79_F','3u79','F','ENSP00000420020.1',23,117,3,97,'7.39E-63',188.0,96.842);
INSERT INTO `pdb_entry` (`PDB_NO`,`PDB_ID`,`CHAIN`) VALUES ('3u79_E', '3u79', 'E');
INSERT INTO `pdb_ensembl_alignment` (`PDB_NO`,`PDB_ID`,`CHAIN`,`ENSEMBL_ID`,`PDB_FROM`,`PDB_TO`,`ENSEMBL_FROM`,`ENSEMBL_TO`,`EVALUE`,`BITSCORE`,`IDENTP`)VALUES ('3u79_E','3u79','E','ENSP00000420020.1',23,117,3,97,'7.39E-63',188.0,96.842);
INSERT INTO `pdb_entry` (`PDB_NO`,`PDB_ID`,`CHAIN`) VALUES ('3u79_D', '3u79', 'D');
INSERT INTO `pdb_ensembl_alignment` (`PDB_NO`,`PDB_ID`,`CHAIN`,`ENSEMBL_ID`,`PDB_FROM`,`PDB_TO`,`ENSEMBL_FROM`,`ENSEMBL_TO`,`EVALUE`,`BITSCORE`,`IDENTP`)VALUES ('3u79_D','3u79','D','ENSP00000420020.1',23,117,3,97,'7.39E-63',188.0,96.842);
INSERT INTO `pdb_entry` (`PDB_NO`,`PDB_ID`,`CHAIN`) VALUES ('3u79_C', '3u79', 'C');
INSERT INTO `pdb_ensembl_alignment` (`PDB_NO`,`PDB_ID`,`CHAIN`,`ENSEMBL_ID`,`PDB_FROM`,`PDB_TO`,`ENSEMBL_FROM`,`ENSEMBL_TO`,`EVALUE`,`BITSCORE`,`IDENTP`)VALUES ('3u79_C','3u79','C','ENSP00000420020.1',23,117,3,97,'7.39E-63',188.0,96.842);
INSERT INTO `pdb_entry` (`PDB_NO`,`PDB_ID`,`CHAIN`) VALUES ('3u79_B', '3u79', 'B');
INSERT INTO `pdb_ensembl_alignment` (`PDB_NO`,`PDB_ID`,`CHAIN`,`ENSEMBL_ID`,`PDB_FROM`,`PDB_TO`,`ENSEMBL_FROM`,`ENSEMBL_TO`,`EVALUE`,`BITSCORE`,`IDENTP`)VALUES ('3u79_B','3u79','B','ENSP00000420020.1',23,117,3,97,'7.39E-63',188.0,96.842);
INSERT INTO `pdb_entry` (`PDB_NO`,`PDB_ID`,`CHAIN`) VALUES ('3u79_A', '3u79', 'A');
INSERT INTO `pdb_ensembl_alignment` (`PDB_NO`,`PDB_ID`,`CHAIN`,`ENSEMBL_ID`,`PDB_FROM`,`PDB_TO`,`ENSEMBL_FROM`,`ENSEMBL_TO`,`EVALUE`,`BITSCORE`,`IDENTP`)VALUES ('3u79_A','3u79','A','ENSP00000420020.1',23,117,3,97,'7.39E-63',188.0,96.842);
INSERT INTO `pdb_entry` (`PDB_NO`,`PDB_ID`,`CHAIN`) VALUES ('1igm_L', '1igm', 'L');
INSERT INTO `pdb_ensembl_alignment` (`PDB_NO`,`PDB_ID`,`CHAIN`,`ENSEMBL_ID`,`PDB_FROM`,`PDB_TO`,`ENSEMBL_FROM`,`ENSEMBL_TO`,`EVALUE`,`BITSCORE`,`IDENTP`)VALUES ('1igm_L','1igm','L','ENSP00000420020.1',23,117,1,95,'3.57E-62',187.0,95.789);
INSERT INTO `pdb_entry` (`PDB_NO`,`PDB_ID`,`CHAIN`) VALUES ('5fec_B', '5fec', 'B');
INSERT INTO `pdb_ensembl_alignment` (`PDB_NO`,`PDB_ID`,`CHAIN`,`ENSEMBL_ID`,`PDB_FROM`,`PDB_TO`,`ENSEMBL_FROM`,`ENSEMBL_TO`,`EVALUE`,`BITSCORE`,`IDENTP`)VALUES ('5fec_B','5fec','B','ENSP00000420020.1',23,114,1,92,'7.7E-62',189.0,98.913);
INSERT INTO `pdb_entry` (`PDB_NO`,`PDB_ID`,`CHAIN`) VALUES ('5fec_L', '5fec', 'L');
INSERT INTO `pdb_ensembl_alignment` (`PDB_NO`,`PDB_ID`,`CHAIN`,`ENSEMBL_ID`,`PDB_FROM`,`PDB_TO`,`ENSEMBL_FROM`,`ENSEMBL_TO`,`EVALUE`,`BITSCORE`,`IDENTP`)VALUES ('5fec_L','5fec','L','ENSP00000420020.1',23,114,1,92,'7.7E-62',189.0,98.913);
INSERT INTO `pdb_entry` (`PDB_NO`,`PDB_ID`,`CHAIN`) VALUES ('5f7e_L', '5f7e', 'L');
INSERT INTO `pdb_ensembl_alignment` (`PDB_NO`,`PDB_ID`,`CHAIN`,`ENSEMBL_ID`,`PDB_FROM`,`PDB_TO`,`ENSEMBL_FROM`,`ENSEMBL_TO`,`EVALUE`,`BITSCORE`,`IDENTP`)VALUES ('5f7e_L','5f7e','L','ENSP00000420020.1',23,114,1,92,'7.7E-62',189.0,98.913);
INSERT INTO `pdb_entry` (`PDB_NO`,`PDB_ID`,`CHAIN`) VALUES ('2kqn_B', '2kqn', 'B');
INSERT INTO `pdb_ensembl_alignment` (`PDB_NO`,`PDB_ID`,`CHAIN`,`ENSEMBL_ID`,`PDB_FROM`,`PDB_TO`,`ENSEMBL_FROM`,`ENSEMBL_TO`,`EVALUE`,`BITSCORE`,`IDENTP`)VALUES ('2kqn_B','2kqn','B','ENSP00000420020.1',23,117,3,97,'2.51E-61',184.0,93.684);
INSERT INTO `pdb_entry` (`PDB_NO`,`PDB_ID`,`CHAIN`) VALUES ('2kqn_A', '2kqn', 'A');
INSERT INTO `pdb_ensembl_alignment` (`PDB_NO`,`PDB_ID`,`CHAIN`,`ENSEMBL_ID`,`PDB_FROM`,`PDB_TO`,`ENSEMBL_FROM`,`ENSEMBL_TO`,`EVALUE`,`BITSCORE`,`IDENTP`)VALUES ('2kqn_A','2kqn','A','ENSP00000420020.1',23,117,3,97,'2.51E-61',184.0,93.684);
INSERT INTO `pdb_entry` (`PDB_NO`,`PDB_ID`,`CHAIN`) VALUES ('3cdy_B', '3cdy', 'B');
INSERT INTO `pdb_ensembl_alignment` (`PDB_NO`,`PDB_ID`,`CHAIN`,`ENSEMBL_ID`,`PDB_FROM`,`PDB_TO`,`ENSEMBL_FROM`,`ENSEMBL_TO`,`EVALUE`,`BITSCORE`,`IDENTP`)VALUES ('3cdy_B','3cdy','B','ENSP00000420020.1',23,117,3,97,'2.86E-61',184.0,93.684);
INSERT INTO `pdb_entry` (`PDB_NO`,`PDB_ID`,`CHAIN`) VALUES ('3cdy_A', '3cdy', 'A');
INSERT INTO `pdb_ensembl_alignment` (`PDB_NO`,`PDB_ID`,`CHAIN`,`ENSEMBL_ID`,`PDB_FROM`,`PDB_TO`,`ENSEMBL_FROM`,`ENSEMBL_TO`,`EVALUE`,`BITSCORE`,`IDENTP`)VALUES ('3cdy_A','3cdy','A','ENSP00000420020.1',23,117,3,97,'2.86E-61',184.0,93.684);
INSERT INTO `pdb_entry` (`PDB_NO`,`PDB_ID`,`CHAIN`) VALUES ('3x2d_O', '3x2d', 'O');
INSERT INTO `pdb_ensembl_alignment` (`PDB_NO`,`PDB_ID`,`CHAIN`,`ENSEMBL_ID`,`PDB_FROM`,`PDB_TO`,`ENSEMBL_FROM`,`ENSEMBL_TO`,`EVALUE`,`BITSCORE`,`IDENTP`)VALUES ('3x2d_O','3x2d','O','ENSP00000420020.1',23,116,1,94,'6.92E-61',187.0,95.745);
INSERT INTO `pdb_entry` (`PDB_NO`,`PDB_ID`,`CHAIN`) VALUES ('3x2d_K', '3x2d', 'K');
INSERT INTO `pdb_ensembl_alignment` (`PDB_NO`,`PDB_ID`,`CHAIN`,`ENSEMBL_ID`,`PDB_FROM`,`PDB_TO`,`ENSEMBL_FROM`,`ENSEMBL_TO`,`EVALUE`,`BITSCORE`,`IDENTP`)VALUES ('3x2d_K','3x2d','K','ENSP00000420020.1',23,116,1,94,'6.92E-61',187.0,95.745);
INSERT INTO `pdb_entry` (`PDB_NO`,`PDB_ID`,`CHAIN`) VALUES ('3x2d_G', '3x2d', 'G');
INSERT INTO `pdb_ensembl_alignment` (`PDB_NO`,`PDB_ID`,`CHAIN`,`ENSEMBL_ID`,`PDB_FROM`,`PDB_TO`,`ENSEMBL_FROM`,`ENSEMBL_TO`,`EVALUE`,`BITSCORE`,`IDENTP`)VALUES ('3x2d_G','3x2d','G','ENSP00000420020.1',23,116,1,94,'6.92E-61',187.0,95.745);
INSERT INTO `pdb_entry` (`PDB_NO`,`PDB_ID`,`CHAIN`) VALUES ('3x2d_C', '3x2d', 'C');
INSERT INTO `pdb_ensembl_alignment` (`PDB_NO`,`PDB_ID`,`CHAIN`,`ENSEMBL_ID`,`PDB_FROM`,`PDB_TO`,`ENSEMBL_FROM`,`ENSEMBL_TO`,`EVALUE`,`BITSCORE`,`IDENTP`)VALUES ('3x2d_C','3x2d','C','ENSP00000420020.1',23,116,1,94,'6.92E-61',187.0,95.745);
INSERT INTO `pdb_entry` (`PDB_NO`,`PDB_ID`,`CHAIN`) VALUES ('2q1e_D', '2q1e', 'D');
INSERT INTO `pdb_ensembl_alignment` (`PDB_NO`,`PDB_ID`,`CHAIN`,`ENSEMBL_ID`,`PDB_FROM`,`PDB_TO`,`ENSEMBL_FROM`,`ENSEMBL_TO`,`EVALUE`,`BITSCORE`,`IDENTP`)VALUES ('2q1e_D','2q1e','D','ENSP00000420020.1',23,117,3,97,'7.03E-61',183.0,92.632);
INSERT INTO `pdb_entry` (`PDB_NO`,`PDB_ID`,`CHAIN`) VALUES ('2q1e_C', '2q1e', 'C');
INSERT INTO `pdb_ensembl_alignment` (`PDB_NO`,`PDB_ID`,`CHAIN`,`ENSEMBL_ID`,`PDB_FROM`,`PDB_TO`,`ENSEMBL_FROM`,`ENSEMBL_TO`,`EVALUE`,`BITSCORE`,`IDENTP`)VALUES ('2q1e_C','2q1e','C','ENSP00000420020.1',23,117,3,97,'7.03E-61',183.0,92.632);
INSERT INTO `pdb_entry` (`PDB_NO`,`PDB_ID`,`CHAIN`) VALUES ('2q1e_B', '2q1e', 'B');
INSERT INTO `pdb_ensembl_alignment` (`PDB_NO`,`PDB_ID`,`CHAIN`,`ENSEMBL_ID`,`PDB_FROM`,`PDB_TO`,`ENSEMBL_FROM`,`ENSEMBL_TO`,`EVALUE`,`BITSCORE`,`IDENTP`)VALUES ('2q1e_B','2q1e','B','ENSP00000420020.1',23,117,3,97,'7.03E-61',183.0,92.632);
INSERT INTO `pdb_entry` (`PDB_NO`,`PDB_ID`,`CHAIN`) VALUES ('2q1e_A', '2q1e', 'A');
INSERT INTO `pdb_ensembl_alignment` (`PDB_NO`,`PDB_ID`,`CHAIN`,`ENSEMBL_ID`,`PDB_FROM`,`PDB_TO`,`ENSEMBL_FROM`,`ENSEMBL_TO`,`EVALUE`,`BITSCORE`,`IDENTP`)VALUES ('2q1e_A','2q1e','A','ENSP00000420020.1',23,117,3,97,'7.03E-61',183.0,92.632);
INSERT INTO `pdb_entry` (`PDB_NO`,`PDB_ID`,`CHAIN`) VALUES ('4jhw_L', '4jhw', 'L');
INSERT INTO `pdb_ensembl_alignment` (`PDB_NO`,`PDB_ID`,`CHAIN`,`ENSEMBL_ID`,`PDB_FROM`,`PDB_TO`,`ENSEMBL_FROM`,`ENSEMBL_TO`,`EVALUE`,`BITSCORE`,`IDENTP`)VALUES ('4jhw_L','4jhw','L','ENSP00000420020.1',23,117,1,95,'7.04E-61',187.0,93.684);
INSERT INTO `pdb_entry` (`PDB_NO`,`PDB_ID`,`CHAIN`) VALUES ('4jha_L', '4jha', 'L');
INSERT INTO `pdb_ensembl_alignment` (`PDB_NO`,`PDB_ID`,`CHAIN`,`ENSEMBL_ID`,`PDB_FROM`,`PDB_TO`,`ENSEMBL_FROM`,`ENSEMBL_TO`,`EVALUE`,`BITSCORE`,`IDENTP`)VALUES ('4jha_L','4jha','L','ENSP00000420020.1',23,117,1,95,'7.04E-61',187.0,93.684);
INSERT INTO `pdb_entry` (`PDB_NO`,`PDB_ID`,`CHAIN`) VALUES ('3dvf_A', '3dvf', 'A');
INSERT INTO `pdb_ensembl_alignment` (`PDB_NO`,`PDB_ID`,`CHAIN`,`ENSEMBL_ID`,`PDB_FROM`,`PDB_TO`,`ENSEMBL_FROM`,`ENSEMBL_TO`,`EVALUE`,`BITSCORE`,`IDENTP`)VALUES ('3dvf_A','3dvf','A','ENSP00000420020.1',23,117,1,95,'8.98E-61',183.0,92.632);
INSERT INTO `pdb_entry` (`PDB_NO`,`PDB_ID`,`CHAIN`) VALUES ('3idy_C', '3idy', 'C');
INSERT INTO `pdb_ensembl_alignment` (`PDB_NO`,`PDB_ID`,`CHAIN`,`ENSEMBL_ID`,`PDB_FROM`,`PDB_TO`,`ENSEMBL_FROM`,`ENSEMBL_TO`,`EVALUE`,`BITSCORE`,`IDENTP`)VALUES ('3idy_C','3idy','C','ENSP00000420020.1',23,117,1,95,'1.51E-60',186.0,92.632);
INSERT INTO `pdb_entry` (`PDB_NO`,`PDB_ID`,`CHAIN`) VALUES ('3idy_L', '3idy', 'L');
INSERT INTO `pdb_ensembl_alignment` (`PDB_NO`,`PDB_ID`,`CHAIN`,`ENSEMBL_ID`,`PDB_FROM`,`PDB_TO`,`ENSEMBL_FROM`,`ENSEMBL_TO`,`EVALUE`,`BITSCORE`,`IDENTP`)VALUES ('3idy_L','3idy','L','ENSP00000420020.1',23,117,1,95,'1.51E-60',186.0,92.632);
INSERT INTO `pdb_entry` (`PDB_NO`,`PDB_ID`,`CHAIN`) VALUES ('3idx_L', '3idx', 'L');
INSERT INTO `pdb_ensembl_alignment` (`PDB_NO`,`PDB_ID`,`CHAIN`,`ENSEMBL_ID`,`PDB_FROM`,`PDB_TO`,`ENSEMBL_FROM`,`ENSEMBL_TO`,`EVALUE`,`BITSCORE`,`IDENTP`)VALUES ('3idx_L','3idx','L','ENSP00000420020.1',23,117,1,95,'1.51E-60',186.0,92.632);
INSERT INTO `pdb_entry` (`PDB_NO`,`PDB_ID`,`CHAIN`) VALUES ('3u7a_A', '3u7a', 'A');
INSERT INTO `pdb_ensembl_alignment` (`PDB_NO`,`PDB_ID`,`CHAIN`,`ENSEMBL_ID`,`PDB_FROM`,`PDB_TO`,`ENSEMBL_FROM`,`ENSEMBL_TO`,`EVALUE`,`BITSCORE`,`IDENTP`)VALUES ('3u7a_A','3u7a','A','ENSP00000420020.1',23,117,3,97,'1.71E-60',182.0,91.579);
INSERT INTO `pdb_entry` (`PDB_NO`,`PDB_ID`,`CHAIN`) VALUES ('4hg4_z', '4hg4', 'z');
INSERT INTO `pdb_ensembl_alignment` (`PDB_NO`,`PDB_ID`,`CHAIN`,`ENSEMBL_ID`,`PDB_FROM`,`PDB_TO`,`ENSEMBL_FROM`,`ENSEMBL_TO`,`EVALUE`,`BITSCORE`,`IDENTP`)VALUES ('4hg4_z','4hg4','z','ENSP00000420020.1',23,117,1,95,'2.17E-60',186.0,92.632);
INSERT INTO `pdb_entry` (`PDB_NO`,`PDB_ID`,`CHAIN`) VALUES ('4hg4_Y', '4hg4', 'Y');
INSERT INTO `pdb_ensembl_alignment` (`PDB_NO`,`PDB_ID`,`CHAIN`,`ENSEMBL_ID`,`PDB_FROM`,`PDB_TO`,`ENSEMBL_FROM`,`ENSEMBL_TO`,`EVALUE`,`BITSCORE`,`IDENTP`)VALUES ('4hg4_Y','4hg4','Y','ENSP00000420020.1',23,117,1,95,'2.17E-60',186.0,92.632);
INSERT INTO `pdb_entry` (`PDB_NO`,`PDB_ID`,`CHAIN`) VALUES ('4hg4_W', '4hg4', 'W');
INSERT INTO `pdb_ensembl_alignment` (`PDB_NO`,`PDB_ID`,`CHAIN`,`ENSEMBL_ID`,`PDB_FROM`,`PDB_TO`,`ENSEMBL_FROM`,`ENSEMBL_TO`,`EVALUE`,`BITSCORE`,`IDENTP`)VALUES ('4hg4_W','4hg4','W','ENSP00000420020.1',23,117,1,95,'2.17E-60',186.0,92.632);
INSERT INTO `pdb_entry` (`PDB_NO`,`PDB_ID`,`CHAIN`) VALUES ('4hg4_U', '4hg4', 'U');
INSERT INTO `pdb_ensembl_alignment` (`PDB_NO`,`PDB_ID`,`CHAIN`,`ENSEMBL_ID`,`PDB_FROM`,`PDB_TO`,`ENSEMBL_FROM`,`ENSEMBL_TO`,`EVALUE`,`BITSCORE`,`IDENTP`)VALUES ('4hg4_U','4hg4','U','ENSP00000420020.1',23,117,1,95,'2.17E-60',186.0,92.632);
INSERT INTO `pdb_entry` (`PDB_NO`,`PDB_ID`,`CHAIN`) VALUES ('4hg4_S', '4hg4', 'S');
INSERT INTO `pdb_ensembl_alignment` (`PDB_NO`,`PDB_ID`,`CHAIN`,`ENSEMBL_ID`,`PDB_FROM`,`PDB_TO`,`ENSEMBL_FROM`,`ENSEMBL_TO`,`EVALUE`,`BITSCORE`,`IDENTP`)VALUES ('4hg4_S','4hg4','S','ENSP00000420020.1',23,117,1,95,'2.17E-60',186.0,92.632);
INSERT INTO `pdb_entry` (`PDB_NO`,`PDB_ID`,`CHAIN`) VALUES ('4hg4_Q', '4hg4', 'Q');
INSERT INTO `pdb_ensembl_alignment` (`PDB_NO`,`PDB_ID`,`CHAIN`,`ENSEMBL_ID`,`PDB_FROM`,`PDB_TO`,`ENSEMBL_FROM`,`ENSEMBL_TO`,`EVALUE`,`BITSCORE`,`IDENTP`)VALUES ('4hg4_Q','4hg4','Q','ENSP00000420020.1',23,117,1,95,'2.17E-60',186.0,92.632);
INSERT INTO `pdb_entry` (`PDB_NO`,`PDB_ID`,`CHAIN`) VALUES ('4hg4_O', '4hg4', 'O');
INSERT INTO `pdb_ensembl_alignment` (`PDB_NO`,`PDB_ID`,`CHAIN`,`ENSEMBL_ID`,`PDB_FROM`,`PDB_TO`,`ENSEMBL_FROM`,`ENSEMBL_TO`,`EVALUE`,`BITSCORE`,`IDENTP`)VALUES ('4hg4_O','4hg4','O','ENSP00000420020.1',23,117,1,95,'2.17E-60',186.0,92.632);
INSERT INTO `pdb_entry` (`PDB_NO`,`PDB_ID`,`CHAIN`) VALUES ('4hg4_M', '4hg4', 'M');
INSERT INTO `pdb_ensembl_alignment` (`PDB_NO`,`PDB_ID`,`CHAIN`,`ENSEMBL_ID`,`PDB_FROM`,`PDB_TO`,`ENSEMBL_FROM`,`ENSEMBL_TO`,`EVALUE`,`BITSCORE`,`IDENTP`)VALUES ('4hg4_M','4hg4','M','ENSP00000420020.1',23,117,1,95,'2.17E-60',186.0,92.632);
INSERT INTO `pdb_entry` (`PDB_NO`,`PDB_ID`,`CHAIN`) VALUES ('4hg4_K', '4hg4', 'K');
INSERT INTO `pdb_ensembl_alignment` (`PDB_NO`,`PDB_ID`,`CHAIN`,`ENSEMBL_ID`,`PDB_FROM`,`PDB_TO`,`ENSEMBL_FROM`,`ENSEMBL_TO`,`EVALUE`,`BITSCORE`,`IDENTP`)VALUES ('4hg4_K','4hg4','K','ENSP00000420020.1',23,117,1,95,'2.17E-60',186.0,92.632);
INSERT INTO `pdb_entry` (`PDB_NO`,`PDB_ID`,`CHAIN`) VALUES ('2xra_L', '2xra', 'L');
INSERT INTO `pdb_ensembl_alignment` (`PDB_NO`,`PDB_ID`,`CHAIN`,`ENSEMBL_ID`,`PDB_FROM`,`PDB_TO`,`ENSEMBL_FROM`,`ENSEMBL_TO`,`EVALUE`,`BITSCORE`,`IDENTP`)VALUES ('2xra_L','2xra','L','ENSP00000420020.1',23,117,1,95,'4.6E-60',185.0,92.632);
INSERT INTO `pdb_entry` (`PDB_NO`,`PDB_ID`,`CHAIN`) VALUES ('1b6d_B', '1b6d', 'B');
INSERT INTO `pdb_ensembl_alignment` (`PDB_NO`,`PDB_ID`,`CHAIN`,`ENSEMBL_ID`,`PDB_FROM`,`PDB_TO`,`ENSEMBL_FROM`,`ENSEMBL_TO`,`EVALUE`,`BITSCORE`,`IDENTP`)VALUES ('1b6d_B','1b6d','B','ENSP00000420020.1',23,117,1,95,'5.33E-60',185.0,92.632);
INSERT INTO `pdb_entry` (`PDB_NO`,`PDB_ID`,`CHAIN`) VALUES ('1b6d_A', '1b6d', 'A');
INSERT INTO `pdb_ensembl_alignment` (`PDB_NO`,`PDB_ID`,`CHAIN`,`ENSEMBL_ID`,`PDB_FROM`,`PDB_TO`,`ENSEMBL_FROM`,`ENSEMBL_TO`,`EVALUE`,`BITSCORE`,`IDENTP`)VALUES ('1b6d_A','1b6d','A','ENSP00000420020.1',23,117,1,95,'5.33E-60',185.0,92.632);
INSERT INTO `pdb_entry` (`PDB_NO`,`PDB_ID`,`CHAIN`) VALUES ('1bww_B', '1bww', 'B');
INSERT INTO `pdb_ensembl_alignment` (`PDB_NO`,`PDB_ID`,`CHAIN`,`ENSEMBL_ID`,`PDB_FROM`,`PDB_TO`,`ENSEMBL_FROM`,`ENSEMBL_TO`,`EVALUE`,`BITSCORE`,`IDENTP`)VALUES ('1bww_B','1bww','B','ENSP00000420020.1',23,117,3,97,'1.36E-59',180.0,91.579);
INSERT INTO `pdb_entry` (`PDB_NO`,`PDB_ID`,`CHAIN`) VALUES ('1bww_A', '1bww', 'A');
INSERT INTO `pdb_ensembl_alignment` (`PDB_NO`,`PDB_ID`,`CHAIN`,`ENSEMBL_ID`,`PDB_FROM`,`PDB_TO`,`ENSEMBL_FROM`,`ENSEMBL_TO`,`EVALUE`,`BITSCORE`,`IDENTP`)VALUES ('1bww_A','1bww','A','ENSP00000420020.1',23,117,3,97,'1.36E-59',180.0,91.579);
INSERT INTO `pdb_entry` (`PDB_NO`,`PDB_ID`,`CHAIN`) VALUES ('1wtl_B', '1wtl', 'B');
INSERT INTO `pdb_ensembl_alignment` (`PDB_NO`,`PDB_ID`,`CHAIN`,`ENSEMBL_ID`,`PDB_FROM`,`PDB_TO`,`ENSEMBL_FROM`,`ENSEMBL_TO`,`EVALUE`,`BITSCORE`,`IDENTP`)VALUES ('1wtl_B','1wtl','B','ENSP00000420020.1',23,117,1,95,'4.65E-59',179.0,89.474);
INSERT INTO `pdb_entry` (`PDB_NO`,`PDB_ID`,`CHAIN`) VALUES ('1wtl_A', '1wtl', 'A');
INSERT INTO `pdb_ensembl_alignment` (`PDB_NO`,`PDB_ID`,`CHAIN`,`ENSEMBL_ID`,`PDB_FROM`,`PDB_TO`,`ENSEMBL_FROM`,`ENSEMBL_TO`,`EVALUE`,`BITSCORE`,`IDENTP`)VALUES ('1wtl_A','1wtl','A','ENSP00000420020.1',23,117,1,95,'4.65E-59',179.0,89.474);
INSERT INTO `pdb_entry` (`PDB_NO`,`PDB_ID`,`CHAIN`) VALUES ('1rei_B', '1rei', 'B');
INSERT INTO `pdb_ensembl_alignment` (`PDB_NO`,`PDB_ID`,`CHAIN`,`ENSEMBL_ID`,`PDB_FROM`,`PDB_TO`,`ENSEMBL_FROM`,`ENSEMBL_TO`,`EVALUE`,`BITSCORE`,`IDENTP`)VALUES ('1rei_B','1rei','B','ENSP00000420020.1',23,117,1,95,'7.98E-59',178.0,90.526);
INSERT INTO `pdb_entry` (`PDB_NO`,`PDB_ID`,`CHAIN`) VALUES ('1rei_A', '1rei', 'A');
INSERT INTO `pdb_ensembl_alignment` (`PDB_NO`,`PDB_ID`,`CHAIN`,`ENSEMBL_ID`,`PDB_FROM`,`PDB_TO`,`ENSEMBL_FROM`,`ENSEMBL_TO`,`EVALUE`,`BITSCORE`,`IDENTP`)VALUES ('1rei_A','1rei','A','ENSP00000420020.1',23,117,1,95,'7.98E-59',178.0,90.526);
INSERT INTO `pdb_entry` (`PDB_NO`,`PDB_ID`,`CHAIN`) VALUES ('1qp1_C', '1qp1', 'C');
INSERT INTO `pdb_ensembl_alignment` (`PDB_NO`,`PDB_ID`,`CHAIN`,`ENSEMBL_ID`,`PDB_FROM`,`PDB_TO`,`ENSEMBL_FROM`,`ENSEMBL_TO`,`EVALUE`,`BITSCORE`,`IDENTP`)VALUES ('1qp1_C','1qp1','C','ENSP00000420020.1',23,117,1,95,'1.68E-58',177.0,91.579);
INSERT INTO `pdb_entry` (`PDB_NO`,`PDB_ID`,`CHAIN`) VALUES ('1qp1_B', '1qp1', 'B');
INSERT INTO `pdb_ensembl_alignment` (`PDB_NO`,`PDB_ID`,`CHAIN`,`ENSEMBL_ID`,`PDB_FROM`,`PDB_TO`,`ENSEMBL_FROM`,`ENSEMBL_TO`,`EVALUE`,`BITSCORE`,`IDENTP`)VALUES ('1qp1_B','1qp1','B','ENSP00000420020.1',23,117,1,95,'1.68E-58',177.0,91.579);
INSERT INTO `pdb_entry` (`PDB_NO`,`PDB_ID`,`CHAIN`) VALUES ('1qp1_A', '1qp1', 'A');
INSERT INTO `pdb_ensembl_alignment` (`PDB_NO`,`PDB_ID`,`CHAIN`,`ENSEMBL_ID`,`PDB_FROM`,`PDB_TO`,`ENSEMBL_FROM`,`ENSEMBL_TO`,`EVALUE`,`BITSCORE`,`IDENTP`)VALUES ('1qp1_A','1qp1','A','ENSP00000420020.1',23,117,1,95,'1.68E-58',177.0,91.579);
INSERT INTO `pdb_entry` (`PDB_NO`,`PDB_ID`,`CHAIN`) VALUES ('4zyp_E', '4zyp', 'E');
INSERT INTO `pdb_ensembl_alignment` (`PDB_NO`,`PDB_ID`,`CHAIN`,`ENSEMBL_ID`,`PDB_FROM`,`PDB_TO`,`ENSEMBL_FROM`,`ENSEMBL_TO`,`EVALUE`,`BITSCORE`,`IDENTP`)VALUES ('4zyp_E','4zyp','E','ENSP00000420020.1',23,117,1,95,'1.71E-58',181.0,89.474);
INSERT INTO `pdb_entry` (`PDB_NO`,`PDB_ID`,`CHAIN`) VALUES ('4zyp_I', '4zyp', 'I');
INSERT INTO `pdb_ensembl_alignment` (`PDB_NO`,`PDB_ID`,`CHAIN`,`ENSEMBL_ID`,`PDB_FROM`,`PDB_TO`,`ENSEMBL_FROM`,`ENSEMBL_TO`,`EVALUE`,`BITSCORE`,`IDENTP`)VALUES ('4zyp_I','4zyp','I','ENSP00000420020.1',23,117,1,95,'1.71E-58',181.0,89.474);
INSERT INTO `pdb_entry` (`PDB_NO`,`PDB_ID`,`CHAIN`) VALUES ('4zyp_G', '4zyp', 'G');
INSERT INTO `pdb_ensembl_alignment` (`PDB_NO`,`PDB_ID`,`CHAIN`,`ENSEMBL_ID`,`PDB_FROM`,`PDB_TO`,`ENSEMBL_FROM`,`ENSEMBL_TO`,`EVALUE`,`BITSCORE`,`IDENTP`)VALUES ('4zyp_G','4zyp','G','ENSP00000420020.1',23,117,1,95,'1.71E-58',181.0,89.474);
INSERT INTO `pdb_entry` (`PDB_NO`,`PDB_ID`,`CHAIN`) VALUES ('4zyk_B', '4zyk', 'B');
INSERT INTO `pdb_ensembl_alignment` (`PDB_NO`,`PDB_ID`,`CHAIN`,`ENSEMBL_ID`,`PDB_FROM`,`PDB_TO`,`ENSEMBL_FROM`,`ENSEMBL_TO`,`EVALUE`,`BITSCORE`,`IDENTP`)VALUES ('4zyk_B','4zyk','B','ENSP00000420020.1',23,117,1,95,'1.71E-58',181.0,89.474);
INSERT INTO `pdb_entry` (`PDB_NO`,`PDB_ID`,`CHAIN`) VALUES ('4zyk_L', '4zyk', 'L');
INSERT INTO `pdb_ensembl_alignment` (`PDB_NO`,`PDB_ID`,`CHAIN`,`ENSEMBL_ID`,`PDB_FROM`,`PDB_TO`,`ENSEMBL_FROM`,`ENSEMBL_TO`,`EVALUE`,`BITSCORE`,`IDENTP`)VALUES ('4zyk_L','4zyk','L','ENSP00000420020.1',23,117,1,95,'1.71E-58',181.0,89.474);
INSERT INTO `pdb_entry` (`PDB_NO`,`PDB_ID`,`CHAIN`) VALUES ('1bre_F', '1bre', 'F');
INSERT INTO `pdb_ensembl_alignment` (`PDB_NO`,`PDB_ID`,`CHAIN`,`ENSEMBL_ID`,`PDB_FROM`,`PDB_TO`,`ENSEMBL_FROM`,`ENSEMBL_TO`,`EVALUE`,`BITSCORE`,`IDENTP`)VALUES ('1bre_F','1bre','F','ENSP00000420020.1',23,117,1,95,'1.89E-58',177.0,91.579);
INSERT INTO `pdb_entry` (`PDB_NO`,`PDB_ID`,`CHAIN`) VALUES ('1bre_E', '1bre', 'E');
INSERT INTO `pdb_ensembl_alignment` (`PDB_NO`,`PDB_ID`,`CHAIN`,`ENSEMBL_ID`,`PDB_FROM`,`PDB_TO`,`ENSEMBL_FROM`,`ENSEMBL_TO`,`EVALUE`,`BITSCORE`,`IDENTP`)VALUES ('1bre_E','1bre','E','ENSP00000420020.1',23,117,1,95,'1.89E-58',177.0,91.579);
INSERT INTO `pdb_entry` (`PDB_NO`,`PDB_ID`,`CHAIN`) VALUES ('1bre_D', '1bre', 'D');
INSERT INTO `pdb_ensembl_alignment` (`PDB_NO`,`PDB_ID`,`CHAIN`,`ENSEMBL_ID`,`PDB_FROM`,`PDB_TO`,`ENSEMBL_FROM`,`ENSEMBL_TO`,`EVALUE`,`BITSCORE`,`IDENTP`)VALUES ('1bre_D','1bre','D','ENSP00000420020.1',23,117,1,95,'1.89E-58',177.0,91.579);
INSERT INTO `pdb_entry` (`PDB_NO`,`PDB_ID`,`CHAIN`) VALUES ('1bre_C', '1bre', 'C');
INSERT INTO `pdb_ensembl_alignment` (`PDB_NO`,`PDB_ID`,`CHAIN`,`ENSEMBL_ID`,`PDB_FROM`,`PDB_TO`,`ENSEMBL_FROM`,`ENSEMBL_TO`,`EVALUE`,`BITSCORE`,`IDENTP`)VALUES ('1bre_C','1bre','C','ENSP00000420020.1',23,117,1,95,'1.89E-58',177.0,91.579);
INSERT INTO `pdb_entry` (`PDB_NO`,`PDB_ID`,`CHAIN`) VALUES ('1bre_B', '1bre', 'B');
INSERT INTO `pdb_ensembl_alignment` (`PDB_NO`,`PDB_ID`,`CHAIN`,`ENSEMBL_ID`,`PDB_FROM`,`PDB_TO`,`ENSEMBL_FROM`,`ENSEMBL_TO`,`EVALUE`,`BITSCORE`,`IDENTP`)VALUES ('1bre_B','1bre','B','ENSP00000420020.1',23,117,1,95,'1.89E-58',177.0,91.579);
INSERT INTO `pdb_entry` (`PDB_NO`,`PDB_ID`,`CHAIN`) VALUES ('1bre_A', '1bre', 'A');
INSERT INTO `pdb_ensembl_alignment` (`PDB_NO`,`PDB_ID`,`CHAIN`,`ENSEMBL_ID`,`PDB_FROM`,`PDB_TO`,`ENSEMBL_FROM`,`ENSEMBL_TO`,`EVALUE`,`BITSCORE`,`IDENTP`)VALUES ('1bre_A','1bre','A','ENSP00000420020.1',23,117,1,95,'1.89E-58',177.0,91.579);
INSERT INTO `pdb_entry` (`PDB_NO`,`PDB_ID`,`CHAIN`) VALUES ('1b0w_C', '1b0w', 'C');
INSERT INTO `pdb_ensembl_alignment` (`PDB_NO`,`PDB_ID`,`CHAIN`,`ENSEMBL_ID`,`PDB_FROM`,`PDB_TO`,`ENSEMBL_FROM`,`ENSEMBL_TO`,`EVALUE`,`BITSCORE`,`IDENTP`)VALUES ('1b0w_C','1b0w','C','ENSP00000420020.1',23,117,1,95,'1.89E-58',177.0,91.579);
INSERT INTO `pdb_entry` (`PDB_NO`,`PDB_ID`,`CHAIN`) VALUES ('1b0w_B', '1b0w', 'B');
INSERT INTO `pdb_ensembl_alignment` (`PDB_NO`,`PDB_ID`,`CHAIN`,`ENSEMBL_ID`,`PDB_FROM`,`PDB_TO`,`ENSEMBL_FROM`,`ENSEMBL_TO`,`EVALUE`,`BITSCORE`,`IDENTP`)VALUES ('1b0w_B','1b0w','B','ENSP00000420020.1',23,117,1,95,'1.89E-58',177.0,91.579);
INSERT INTO `pdb_entry` (`PDB_NO`,`PDB_ID`,`CHAIN`) VALUES ('1b0w_A', '1b0w', 'A');
INSERT INTO `pdb_ensembl_alignment` (`PDB_NO`,`PDB_ID`,`CHAIN`,`ENSEMBL_ID`,`PDB_FROM`,`PDB_TO`,`ENSEMBL_FROM`,`ENSEMBL_TO`,`EVALUE`,`BITSCORE`,`IDENTP`)VALUES ('1b0w_A','1b0w','A','ENSP00000420020.1',23,117,1,95,'1.89E-58',177.0,91.579);
INSERT INTO `pdb_entry` (`PDB_NO`,`PDB_ID`,`CHAIN`) VALUES ('1ar2_A', '1ar2', 'A');
INSERT INTO `pdb_ensembl_alignment` (`PDB_NO`,`PDB_ID`,`CHAIN`,`ENSEMBL_ID`,`PDB_FROM`,`PDB_TO`,`ENSEMBL_FROM`,`ENSEMBL_TO`,`EVALUE`,`BITSCORE`,`IDENTP`)VALUES ('1ar2_A','1ar2','A','ENSP00000420020.1',23,117,3,97,'4.26E-57',174.0,88.421);
INSERT INTO `pdb_entry` (`PDB_NO`,`PDB_ID`,`CHAIN`) VALUES ('4l1h_A', '4l1h', 'A');
INSERT INTO `pdb_ensembl_alignment` (`PDB_NO`,`PDB_ID`,`CHAIN`,`ENSEMBL_ID`,`PDB_FROM`,`PDB_TO`,`ENSEMBL_FROM`,`ENSEMBL_TO`,`EVALUE`,`BITSCORE`,`IDENTP`)VALUES ('4l1h_A','4l1h','A','ENSP00000420020.1',23,117,1,95,'4.28E-57',174.0,88.421);
INSERT INTO `pdb_entry` (`PDB_NO`,`PDB_ID`,`CHAIN`) VALUES ('1fgv_L', '1fgv', 'L');
INSERT INTO `pdb_ensembl_alignment` (`PDB_NO`,`PDB_ID`,`CHAIN`,`ENSEMBL_ID`,`PDB_FROM`,`PDB_TO`,`ENSEMBL_FROM`,`ENSEMBL_TO`,`EVALUE`,`BITSCORE`,`IDENTP`)VALUES ('1fgv_L','1fgv','L','ENSP00000420020.1',23,117,1,95,'6.06E-56',171.0,87.368);
INSERT INTO `pdb_entry` (`PDB_NO`,`PDB_ID`,`CHAIN`) VALUES ('5czv_L', '5czv', 'L');
INSERT INTO `pdb_ensembl_alignment` (`PDB_NO`,`PDB_ID`,`CHAIN`,`ENSEMBL_ID`,`PDB_FROM`,`PDB_TO`,`ENSEMBL_FROM`,`ENSEMBL_TO`,`EVALUE`,`BITSCORE`,`IDENTP`)VALUES ('5czv_L','5czv','L','ENSP00000420020.1',23,117,1,95,'6.96E-56',174.0,88.421);
INSERT INTO `pdb_entry` (`PDB_NO`,`PDB_ID`,`CHAIN`) VALUES ('3j6u_L', '3j6u', 'L');
INSERT INTO `pdb_ensembl_alignment` (`PDB_NO`,`PDB_ID`,`CHAIN`,`ENSEMBL_ID`,`PDB_FROM`,`PDB_TO`,`ENSEMBL_FROM`,`ENSEMBL_TO`,`EVALUE`,`BITSCORE`,`IDENTP`)VALUES ('3j6u_L','3j6u','L','ENSP00000420020.1',16,117,1,102,'9.59E-56',171.0,80.392);
INSERT INTO `pdb_entry` (`PDB_NO`,`PDB_ID`,`CHAIN`) VALUES ('2qsc_L', '2qsc', 'L');
INSERT INTO `pdb_ensembl_alignment` (`PDB_NO`,`PDB_ID`,`CHAIN`,`ENSEMBL_ID`,`PDB_FROM`,`PDB_TO`,`ENSEMBL_FROM`,`ENSEMBL_TO`,`EVALUE`,`BITSCORE`,`IDENTP`)VALUES ('2qsc_L','2qsc','L','ENSP00000420020.1',26,116,4,94,'1.07E-55',174.0,90.11);
INSERT INTO `pdb_entry` (`PDB_NO`,`PDB_ID`,`CHAIN`) VALUES ('1bj1_J', '1bj1', 'J');
INSERT INTO `pdb_ensembl_alignment` (`PDB_NO`,`PDB_ID`,`CHAIN`,`ENSEMBL_ID`,`PDB_FROM`,`PDB_TO`,`ENSEMBL_FROM`,`ENSEMBL_TO`,`EVALUE`,`BITSCORE`,`IDENTP`)VALUES ('1bj1_J','1bj1','J','ENSP00000420020.1',23,117,1,95,'1.38E-55',174.0,87.368);
INSERT INTO `pdb_entry` (`PDB_NO`,`PDB_ID`,`CHAIN`) VALUES ('1bj1_L', '1bj1', 'L');
INSERT INTO `pdb_ensembl_alignment` (`PDB_NO`,`PDB_ID`,`CHAIN`,`ENSEMBL_ID`,`PDB_FROM`,`PDB_TO`,`ENSEMBL_FROM`,`ENSEMBL_TO`,`EVALUE`,`BITSCORE`,`IDENTP`)VALUES ('1bj1_L','1bj1','L','ENSP00000420020.1',23,117,1,95,'1.38E-55',174.0,87.368);
INSERT INTO `pdb_entry` (`PDB_NO`,`PDB_ID`,`CHAIN`) VALUES ('4fqr_x', '4fqr', 'x');
INSERT INTO `pdb_ensembl_alignment` (`PDB_NO`,`PDB_ID`,`CHAIN`,`ENSEMBL_ID`,`PDB_FROM`,`PDB_TO`,`ENSEMBL_FROM`,`ENSEMBL_TO`,`EVALUE`,`BITSCORE`,`IDENTP`)VALUES ('4fqr_x','4fqr','x','ENSP00000420020.1',23,117,1,95,'1.41E-55',174.0,85.263);
INSERT INTO `pdb_entry` (`PDB_NO`,`PDB_ID`,`CHAIN`) VALUES ('4fqr_v', '4fqr', 'v');
INSERT INTO `pdb_ensembl_alignment` (`PDB_NO`,`PDB_ID`,`CHAIN`,`ENSEMBL_ID`,`PDB_FROM`,`PDB_TO`,`ENSEMBL_FROM`,`ENSEMBL_TO`,`EVALUE`,`BITSCORE`,`IDENTP`)VALUES ('4fqr_v','4fqr','v','ENSP00000420020.1',23,117,1,95,'1.41E-55',174.0,85.263);
INSERT INTO `pdb_entry` (`PDB_NO`,`PDB_ID`,`CHAIN`) VALUES ('4fqr_t', '4fqr', 't');
INSERT INTO `pdb_ensembl_alignment` (`PDB_NO`,`PDB_ID`,`CHAIN`,`ENSEMBL_ID`,`PDB_FROM`,`PDB_TO`,`ENSEMBL_FROM`,`ENSEMBL_TO`,`EVALUE`,`BITSCORE`,`IDENTP`)VALUES ('4fqr_t','4fqr','t','ENSP00000420020.1',23,117,1,95,'1.41E-55',174.0,85.263);
INSERT INTO `pdb_entry` (`PDB_NO`,`PDB_ID`,`CHAIN`) VALUES ('4fqr_r', '4fqr', 'r');
INSERT INTO `pdb_ensembl_alignment` (`PDB_NO`,`PDB_ID`,`CHAIN`,`ENSEMBL_ID`,`PDB_FROM`,`PDB_TO`,`ENSEMBL_FROM`,`ENSEMBL_TO`,`EVALUE`,`BITSCORE`,`IDENTP`)VALUES ('4fqr_r','4fqr','r','ENSP00000420020.1',23,117,1,95,'1.41E-55',174.0,85.263);
INSERT INTO `pdb_entry` (`PDB_NO`,`PDB_ID`,`CHAIN`) VALUES ('4fqr_p', '4fqr', 'p');
INSERT INTO `pdb_ensembl_alignment` (`PDB_NO`,`PDB_ID`,`CHAIN`,`ENSEMBL_ID`,`PDB_FROM`,`PDB_TO`,`ENSEMBL_FROM`,`ENSEMBL_TO`,`EVALUE`,`BITSCORE`,`IDENTP`)VALUES ('4fqr_p','4fqr','p','ENSP00000420020.1',23,117,1,95,'1.41E-55',174.0,85.263);
INSERT INTO `pdb_entry` (`PDB_NO`,`PDB_ID`,`CHAIN`) VALUES ('4fqr_n', '4fqr', 'n');
INSERT INTO `pdb_ensembl_alignment` (`PDB_NO`,`PDB_ID`,`CHAIN`,`ENSEMBL_ID`,`PDB_FROM`,`PDB_TO`,`ENSEMBL_FROM`,`ENSEMBL_TO`,`EVALUE`,`BITSCORE`,`IDENTP`)VALUES ('4fqr_n','4fqr','n','ENSP00000420020.1',23,117,1,95,'1.41E-55',174.0,85.263);
INSERT INTO `pdb_entry` (`PDB_NO`,`PDB_ID`,`CHAIN`) VALUES ('4fqr_l', '4fqr', 'l');
INSERT INTO `pdb_ensembl_alignment` (`PDB_NO`,`PDB_ID`,`CHAIN`,`ENSEMBL_ID`,`PDB_FROM`,`PDB_TO`,`ENSEMBL_FROM`,`ENSEMBL_TO`,`EVALUE`,`BITSCORE`,`IDENTP`)VALUES ('4fqr_l','4fqr','l','ENSP00000420020.1',23,117,1,95,'1.41E-55',174.0,85.263);
INSERT INTO `pdb_entry` (`PDB_NO`,`PDB_ID`,`CHAIN`) VALUES ('4fqr_j', '4fqr', 'j');
INSERT INTO `pdb_ensembl_alignment` (`PDB_NO`,`PDB_ID`,`CHAIN`,`ENSEMBL_ID`,`PDB_FROM`,`PDB_TO`,`ENSEMBL_FROM`,`ENSEMBL_TO`,`EVALUE`,`BITSCORE`,`IDENTP`)VALUES ('4fqr_j','4fqr','j','ENSP00000420020.1',23,117,1,95,'1.41E-55',174.0,85.263);
INSERT INTO `pdb_entry` (`PDB_NO`,`PDB_ID`,`CHAIN`) VALUES ('4fqr_h', '4fqr', 'h');
INSERT INTO `pdb_ensembl_alignment` (`PDB_NO`,`PDB_ID`,`CHAIN`,`ENSEMBL_ID`,`PDB_FROM`,`PDB_TO`,`ENSEMBL_FROM`,`ENSEMBL_TO`,`EVALUE`,`BITSCORE`,`IDENTP`)VALUES ('4fqr_h','4fqr','h','ENSP00000420020.1',23,117,1,95,'1.41E-55',174.0,85.263);
INSERT INTO `pdb_entry` (`PDB_NO`,`PDB_ID`,`CHAIN`) VALUES ('4fqr_f', '4fqr', 'f');
INSERT INTO `pdb_ensembl_alignment` (`PDB_NO`,`PDB_ID`,`CHAIN`,`ENSEMBL_ID`,`PDB_FROM`,`PDB_TO`,`ENSEMBL_FROM`,`ENSEMBL_TO`,`EVALUE`,`BITSCORE`,`IDENTP`)VALUES ('4fqr_f','4fqr','f','ENSP00000420020.1',23,117,1,95,'1.41E-55',174.0,85.263);
INSERT INTO `pdb_entry` (`PDB_NO`,`PDB_ID`,`CHAIN`) VALUES ('4fqr_d', '4fqr', 'd');
INSERT INTO `pdb_ensembl_alignment` (`PDB_NO`,`PDB_ID`,`CHAIN`,`ENSEMBL_ID`,`PDB_FROM`,`PDB_TO`,`ENSEMBL_FROM`,`ENSEMBL_TO`,`EVALUE`,`BITSCORE`,`IDENTP`)VALUES ('4fqr_d','4fqr','d','ENSP00000420020.1',23,117,1,95,'1.41E-55',174.0,85.263);
INSERT INTO `pdb_entry` (`PDB_NO`,`PDB_ID`,`CHAIN`) VALUES ('4fqr_b', '4fqr', 'b');
INSERT INTO `pdb_ensembl_alignment` (`PDB_NO`,`PDB_ID`,`CHAIN`,`ENSEMBL_ID`,`PDB_FROM`,`PDB_TO`,`ENSEMBL_FROM`,`ENSEMBL_TO`,`EVALUE`,`BITSCORE`,`IDENTP`)VALUES ('4fqr_b','4fqr','b','ENSP00000420020.1',23,117,1,95,'1.41E-55',174.0,85.263);
INSERT INTO `pdb_entry` (`PDB_NO`,`PDB_ID`,`CHAIN`) VALUES ('4fp8_O', '4fp8', 'O');
INSERT INTO `pdb_ensembl_alignment` (`PDB_NO`,`PDB_ID`,`CHAIN`,`ENSEMBL_ID`,`PDB_FROM`,`PDB_TO`,`ENSEMBL_FROM`,`ENSEMBL_TO`,`EVALUE`,`BITSCORE`,`IDENTP`)VALUES ('4fp8_O','4fp8','O','ENSP00000420020.1',23,117,1,95,'1.41E-55',174.0,85.263);
INSERT INTO `pdb_entry` (`PDB_NO`,`PDB_ID`,`CHAIN`) VALUES ('4fp8_N', '4fp8', 'N');
INSERT INTO `pdb_ensembl_alignment` (`PDB_NO`,`PDB_ID`,`CHAIN`,`ENSEMBL_ID`,`PDB_FROM`,`PDB_TO`,`ENSEMBL_FROM`,`ENSEMBL_TO`,`EVALUE`,`BITSCORE`,`IDENTP`)VALUES ('4fp8_N','4fp8','N','ENSP00000420020.1',23,117,1,95,'1.41E-55',174.0,85.263);
INSERT INTO `pdb_entry` (`PDB_NO`,`PDB_ID`,`CHAIN`) VALUES ('4fp8_M', '4fp8', 'M');
INSERT INTO `pdb_ensembl_alignment` (`PDB_NO`,`PDB_ID`,`CHAIN`,`ENSEMBL_ID`,`PDB_FROM`,`PDB_TO`,`ENSEMBL_FROM`,`ENSEMBL_TO`,`EVALUE`,`BITSCORE`,`IDENTP`)VALUES ('4fp8_M','4fp8','M','ENSP00000420020.1',23,117,1,95,'1.41E-55',174.0,85.263);
INSERT INTO `pdb_entry` (`PDB_NO`,`PDB_ID`,`CHAIN`) VALUES ('4fp8_L', '4fp8', 'L');
INSERT INTO `pdb_ensembl_alignment` (`PDB_NO`,`PDB_ID`,`CHAIN`,`ENSEMBL_ID`,`PDB_FROM`,`PDB_TO`,`ENSEMBL_FROM`,`ENSEMBL_TO`,`EVALUE`,`BITSCORE`,`IDENTP`)VALUES ('4fp8_L','4fp8','L','ENSP00000420020.1',23,117,1,95,'1.41E-55',174.0,85.263);
INSERT INTO `pdb_entry` (`PDB_NO`,`PDB_ID`,`CHAIN`) VALUES ('4fnl_M', '4fnl', 'M');
INSERT INTO `pdb_ensembl_alignment` (`PDB_NO`,`PDB_ID`,`CHAIN`,`ENSEMBL_ID`,`PDB_FROM`,`PDB_TO`,`ENSEMBL_FROM`,`ENSEMBL_TO`,`EVALUE`,`BITSCORE`,`IDENTP`)VALUES ('4fnl_M','4fnl','M','ENSP00000420020.1',23,117,1,95,'1.41E-55',174.0,85.263);
INSERT INTO `pdb_entry` (`PDB_NO`,`PDB_ID`,`CHAIN`) VALUES ('4fnl_L', '4fnl', 'L');
INSERT INTO `pdb_ensembl_alignment` (`PDB_NO`,`PDB_ID`,`CHAIN`,`ENSEMBL_ID`,`PDB_FROM`,`PDB_TO`,`ENSEMBL_FROM`,`ENSEMBL_TO`,`EVALUE`,`BITSCORE`,`IDENTP`)VALUES ('4fnl_L','4fnl','L','ENSP00000420020.1',23,117,1,95,'1.41E-55',174.0,85.263);
INSERT INTO `pdb_entry` (`PDB_NO`,`PDB_ID`,`CHAIN`) VALUES ('1ce1_L', '1ce1', 'L');
INSERT INTO `pdb_ensembl_alignment` (`PDB_NO`,`PDB_ID`,`CHAIN`,`ENSEMBL_ID`,`PDB_FROM`,`PDB_TO`,`ENSEMBL_FROM`,`ENSEMBL_TO`,`EVALUE`,`BITSCORE`,`IDENTP`)VALUES ('1ce1_L','1ce1','L','ENSP00000420020.1',23,117,1,95,'2.77E-55',173.0,86.316);
INSERT INTO `pdb_entry` (`PDB_NO`,`PDB_ID`,`CHAIN`) VALUES ('4nzu_L', '4nzu', 'L');
INSERT INTO `pdb_ensembl_alignment` (`PDB_NO`,`PDB_ID`,`CHAIN`,`ENSEMBL_ID`,`PDB_FROM`,`PDB_TO`,`ENSEMBL_FROM`,`ENSEMBL_TO`,`EVALUE`,`BITSCORE`,`IDENTP`)VALUES ('4nzu_L','4nzu','L','ENSP00000420020.1',23,117,1,95,'3.13E-55',172.0,83.158);
INSERT INTO `pdb_entry` (`PDB_NO`,`PDB_ID`,`CHAIN`) VALUES ('1bey_L', '1bey', 'L');
INSERT INTO `pdb_ensembl_alignment` (`PDB_NO`,`PDB_ID`,`CHAIN`,`ENSEMBL_ID`,`PDB_FROM`,`PDB_TO`,`ENSEMBL_FROM`,`ENSEMBL_TO`,`EVALUE`,`BITSCORE`,`IDENTP`)VALUES ('1bey_L','1bey','L','ENSP00000420020.1',23,117,1,95,'3.58E-55',172.0,86.316);
INSERT INTO `pdb_entry` (`PDB_NO`,`PDB_ID`,`CHAIN`) VALUES ('4zs6_D', '4zs6', 'D');
INSERT INTO `pdb_ensembl_alignment` (`PDB_NO`,`PDB_ID`,`CHAIN`,`ENSEMBL_ID`,`PDB_FROM`,`PDB_TO`,`ENSEMBL_FROM`,`ENSEMBL_TO`,`EVALUE`,`BITSCORE`,`IDENTP`)VALUES ('4zs6_D','4zs6','D','ENSP00000420020.1',24,117,2,95,'4.41E-55',172.0,87.234);
INSERT INTO `pdb_entry` (`PDB_NO`,`PDB_ID`,`CHAIN`) VALUES ('4zs6_L', '4zs6', 'L');
INSERT INTO `pdb_ensembl_alignment` (`PDB_NO`,`PDB_ID`,`CHAIN`,`ENSEMBL_ID`,`PDB_FROM`,`PDB_TO`,`ENSEMBL_FROM`,`ENSEMBL_TO`,`EVALUE`,`BITSCORE`,`IDENTP`)VALUES ('4zs6_L','4zs6','L','ENSP00000420020.1',24,117,2,95,'4.41E-55',172.0,87.234);
INSERT INTO `pdb_entry` (`PDB_NO`,`PDB_ID`,`CHAIN`) VALUES ('1cz8_X', '1cz8', 'X');
INSERT INTO `pdb_ensembl_alignment` (`PDB_NO`,`PDB_ID`,`CHAIN`,`ENSEMBL_ID`,`PDB_FROM`,`PDB_TO`,`ENSEMBL_FROM`,`ENSEMBL_TO`,`EVALUE`,`BITSCORE`,`IDENTP`)VALUES ('1cz8_X','1cz8','X','ENSP00000420020.1',23,117,1,95,'4.66E-55',172.0,86.316);
INSERT INTO `pdb_entry` (`PDB_NO`,`PDB_ID`,`CHAIN`) VALUES ('1cz8_L', '1cz8', 'L');
INSERT INTO `pdb_ensembl_alignment` (`PDB_NO`,`PDB_ID`,`CHAIN`,`ENSEMBL_ID`,`PDB_FROM`,`PDB_TO`,`ENSEMBL_FROM`,`ENSEMBL_TO`,`EVALUE`,`BITSCORE`,`IDENTP`)VALUES ('1cz8_L','1cz8','L','ENSP00000420020.1',23,117,1,95,'4.66E-55',172.0,86.316);
INSERT INTO `pdb_entry` (`PDB_NO`,`PDB_ID`,`CHAIN`) VALUES ('3upa_B', '3upa', 'B');
INSERT INTO `pdb_ensembl_alignment` (`PDB_NO`,`PDB_ID`,`CHAIN`,`ENSEMBL_ID`,`PDB_FROM`,`PDB_TO`,`ENSEMBL_FROM`,`ENSEMBL_TO`,`EVALUE`,`BITSCORE`,`IDENTP`)VALUES ('3upa_B','3upa','B','ENSP00000420020.1',23,117,1,95,'7.33E-55',168.0,86.316);
INSERT INTO `pdb_entry` (`PDB_NO`,`PDB_ID`,`CHAIN`) VALUES ('3upa_A', '3upa', 'A');
INSERT INTO `pdb_ensembl_alignment` (`PDB_NO`,`PDB_ID`,`CHAIN`,`ENSEMBL_ID`,`PDB_FROM`,`PDB_TO`,`ENSEMBL_FROM`,`ENSEMBL_TO`,`EVALUE`,`BITSCORE`,`IDENTP`)VALUES ('3upa_A','3upa','A','ENSP00000420020.1',23,117,1,95,'7.33E-55',168.0,86.316);
INSERT INTO `pdb_entry` (`PDB_NO`,`PDB_ID`,`CHAIN`) VALUES ('3uc0_M', '3uc0', 'M');
INSERT INTO `pdb_ensembl_alignment` (`PDB_NO`,`PDB_ID`,`CHAIN`,`ENSEMBL_ID`,`PDB_FROM`,`PDB_TO`,`ENSEMBL_FROM`,`ENSEMBL_TO`,`EVALUE`,`BITSCORE`,`IDENTP`)VALUES ('3uc0_M','3uc0','M','ENSP00000420020.1',23,117,2,96,'7.5E-55',172.0,86.316);
INSERT INTO `pdb_entry` (`PDB_NO`,`PDB_ID`,`CHAIN`) VALUES ('3uc0_L', '3uc0', 'L');
INSERT INTO `pdb_ensembl_alignment` (`PDB_NO`,`PDB_ID`,`CHAIN`,`ENSEMBL_ID`,`PDB_FROM`,`PDB_TO`,`ENSEMBL_FROM`,`ENSEMBL_TO`,`EVALUE`,`BITSCORE`,`IDENTP`)VALUES ('3uc0_L','3uc0','L','ENSP00000420020.1',23,117,2,96,'7.5E-55',172.0,86.316);
INSERT INTO `pdb_entry` (`PDB_NO`,`PDB_ID`,`CHAIN`) VALUES ('3uaj_D', '3uaj', 'D');
INSERT INTO `pdb_ensembl_alignment` (`PDB_NO`,`PDB_ID`,`CHAIN`,`ENSEMBL_ID`,`PDB_FROM`,`PDB_TO`,`ENSEMBL_FROM`,`ENSEMBL_TO`,`EVALUE`,`BITSCORE`,`IDENTP`)VALUES ('3uaj_D','3uaj','D','ENSP00000420020.1',23,117,2,96,'7.5E-55',172.0,86.316);
INSERT INTO `pdb_entry` (`PDB_NO`,`PDB_ID`,`CHAIN`) VALUES ('3uaj_L', '3uaj', 'L');
INSERT INTO `pdb_ensembl_alignment` (`PDB_NO`,`PDB_ID`,`CHAIN`,`ENSEMBL_ID`,`PDB_FROM`,`PDB_TO`,`ENSEMBL_FROM`,`ENSEMBL_TO`,`EVALUE`,`BITSCORE`,`IDENTP`)VALUES ('3uaj_L','3uaj','L','ENSP00000420020.1',23,117,2,96,'7.5E-55',172.0,86.316);
INSERT INTO `pdb_entry` (`PDB_NO`,`PDB_ID`,`CHAIN`) VALUES ('2bx5_O', '2bx5', 'O');
INSERT INTO `pdb_ensembl_alignment` (`PDB_NO`,`PDB_ID`,`CHAIN`,`ENSEMBL_ID`,`PDB_FROM`,`PDB_TO`,`ENSEMBL_FROM`,`ENSEMBL_TO`,`EVALUE`,`BITSCORE`,`IDENTP`)VALUES ('2bx5_O','2bx5','O','ENSP00000420020.1',23,117,1,95,'1.08E-54',167.0,86.316);
INSERT INTO `pdb_entry` (`PDB_NO`,`PDB_ID`,`CHAIN`) VALUES ('2bx5_N', '2bx5', 'N');
INSERT INTO `pdb_ensembl_alignment` (`PDB_NO`,`PDB_ID`,`CHAIN`,`ENSEMBL_ID`,`PDB_FROM`,`PDB_TO`,`ENSEMBL_FROM`,`ENSEMBL_TO`,`EVALUE`,`BITSCORE`,`IDENTP`)VALUES ('2bx5_N','2bx5','N','ENSP00000420020.1',23,117,1,95,'1.08E-54',167.0,86.316);
INSERT INTO `pdb_entry` (`PDB_NO`,`PDB_ID`,`CHAIN`) VALUES ('2bx5_M', '2bx5', 'M');
INSERT INTO `pdb_ensembl_alignment` (`PDB_NO`,`PDB_ID`,`CHAIN`,`ENSEMBL_ID`,`PDB_FROM`,`PDB_TO`,`ENSEMBL_FROM`,`ENSEMBL_TO`,`EVALUE`,`BITSCORE`,`IDENTP`)VALUES ('2bx5_M','2bx5','M','ENSP00000420020.1',23,117,1,95,'1.08E-54',167.0,86.316);
INSERT INTO `pdb_entry` (`PDB_NO`,`PDB_ID`,`CHAIN`) VALUES ('2bx5_L', '2bx5', 'L');
INSERT INTO `pdb_ensembl_alignment` (`PDB_NO`,`PDB_ID`,`CHAIN`,`ENSEMBL_ID`,`PDB_FROM`,`PDB_TO`,`ENSEMBL_FROM`,`ENSEMBL_TO`,`EVALUE`,`BITSCORE`,`IDENTP`)VALUES ('2bx5_L','2bx5','L','ENSP00000420020.1',23,117,1,95,'1.08E-54',167.0,86.316);
INSERT INTO `pdb_entry` (`PDB_NO`,`PDB_ID`,`CHAIN`) VALUES ('2bx5_K', '2bx5', 'K');
INSERT INTO `pdb_ensembl_alignment` (`PDB_NO`,`PDB_ID`,`CHAIN`,`ENSEMBL_ID`,`PDB_FROM`,`PDB_TO`,`ENSEMBL_FROM`,`ENSEMBL_TO`,`EVALUE`,`BITSCORE`,`IDENTP`)VALUES ('2bx5_K','2bx5','K','ENSP00000420020.1',23,117,1,95,'1.08E-54',167.0,86.316);
INSERT INTO `pdb_entry` (`PDB_NO`,`PDB_ID`,`CHAIN`) VALUES ('2bx5_J', '2bx5', 'J');
INSERT INTO `pdb_ensembl_alignment` (`PDB_NO`,`PDB_ID`,`CHAIN`,`ENSEMBL_ID`,`PDB_FROM`,`PDB_TO`,`ENSEMBL_FROM`,`ENSEMBL_TO`,`EVALUE`,`BITSCORE`,`IDENTP`)VALUES ('2bx5_J','2bx5','J','ENSP00000420020.1',23,117,1,95,'1.08E-54',167.0,86.316);
INSERT INTO `pdb_entry` (`PDB_NO`,`PDB_ID`,`CHAIN`) VALUES ('2bx5_I', '2bx5', 'I');
INSERT INTO `pdb_ensembl_alignment` (`PDB_NO`,`PDB_ID`,`CHAIN`,`ENSEMBL_ID`,`PDB_FROM`,`PDB_TO`,`ENSEMBL_FROM`,`ENSEMBL_TO`,`EVALUE`,`BITSCORE`,`IDENTP`)VALUES ('2bx5_I','2bx5','I','ENSP00000420020.1',23,117,1,95,'1.08E-54',167.0,86.316);
INSERT INTO `pdb_entry` (`PDB_NO`,`PDB_ID`,`CHAIN`) VALUES ('2bx5_H', '2bx5', 'H');
INSERT INTO `pdb_ensembl_alignment` (`PDB_NO`,`PDB_ID`,`CHAIN`,`ENSEMBL_ID`,`PDB_FROM`,`PDB_TO`,`ENSEMBL_FROM`,`ENSEMBL_TO`,`EVALUE`,`BITSCORE`,`IDENTP`)VALUES ('2bx5_H','2bx5','H','ENSP00000420020.1',23,117,1,95,'1.08E-54',167.0,86.316);
INSERT INTO `pdb_entry` (`PDB_NO`,`PDB_ID`,`CHAIN`) VALUES ('2bx5_G', '2bx5', 'G');
INSERT INTO `pdb_ensembl_alignment` (`PDB_NO`,`PDB_ID`,`CHAIN`,`ENSEMBL_ID`,`PDB_FROM`,`PDB_TO`,`ENSEMBL_FROM`,`ENSEMBL_TO`,`EVALUE`,`BITSCORE`,`IDENTP`)VALUES ('2bx5_G','2bx5','G','ENSP00000420020.1',23,117,1,95,'1.08E-54',167.0,86.316);
INSERT INTO `pdb_entry` (`PDB_NO`,`PDB_ID`,`CHAIN`) VALUES ('2bx5_F', '2bx5', 'F');
INSERT INTO `pdb_ensembl_alignment` (`PDB_NO`,`PDB_ID`,`CHAIN`,`ENSEMBL_ID`,`PDB_FROM`,`PDB_TO`,`ENSEMBL_FROM`,`ENSEMBL_TO`,`EVALUE`,`BITSCORE`,`IDENTP`)VALUES ('2bx5_F','2bx5','F','ENSP00000420020.1',23,117,1,95,'1.08E-54',167.0,86.316);
INSERT INTO `pdb_entry` (`PDB_NO`,`PDB_ID`,`CHAIN`) VALUES ('2bx5_E', '2bx5', 'E');
INSERT INTO `pdb_ensembl_alignment` (`PDB_NO`,`PDB_ID`,`CHAIN`,`ENSEMBL_ID`,`PDB_FROM`,`PDB_TO`,`ENSEMBL_FROM`,`ENSEMBL_TO`,`EVALUE`,`BITSCORE`,`IDENTP`)VALUES ('2bx5_E','2bx5','E','ENSP00000420020.1',23,117,1,95,'1.08E-54',167.0,86.316);
INSERT INTO `pdb_entry` (`PDB_NO`,`PDB_ID`,`CHAIN`) VALUES ('2bx5_D', '2bx5', 'D');
INSERT INTO `pdb_ensembl_alignment` (`PDB_NO`,`PDB_ID`,`CHAIN`,`ENSEMBL_ID`,`PDB_FROM`,`PDB_TO`,`ENSEMBL_FROM`,`ENSEMBL_TO`,`EVALUE`,`BITSCORE`,`IDENTP`)VALUES ('2bx5_D','2bx5','D','ENSP00000420020.1',23,117,1,95,'1.08E-54',167.0,86.316);
INSERT INTO `pdb_entry` (`PDB_NO`,`PDB_ID`,`CHAIN`) VALUES ('2bx5_C', '2bx5', 'C');
INSERT INTO `pdb_ensembl_alignment` (`PDB_NO`,`PDB_ID`,`CHAIN`,`ENSEMBL_ID`,`PDB_FROM`,`PDB_TO`,`ENSEMBL_FROM`,`ENSEMBL_TO`,`EVALUE`,`BITSCORE`,`IDENTP`)VALUES ('2bx5_C','2bx5','C','ENSP00000420020.1',23,117,1,95,'1.08E-54',167.0,86.316);
INSERT INTO `pdb_entry` (`PDB_NO`,`PDB_ID`,`CHAIN`) VALUES ('2bx5_B', '2bx5', 'B');
INSERT INTO `pdb_ensembl_alignment` (`PDB_NO`,`PDB_ID`,`CHAIN`,`ENSEMBL_ID`,`PDB_FROM`,`PDB_TO`,`ENSEMBL_FROM`,`ENSEMBL_TO`,`EVALUE`,`BITSCORE`,`IDENTP`)VALUES ('2bx5_B','2bx5','B','ENSP00000420020.1',23,117,1,95,'1.08E-54',167.0,86.316);
INSERT INTO `pdb_entry` (`PDB_NO`,`PDB_ID`,`CHAIN`) VALUES ('2bx5_A', '2bx5', 'A');
INSERT INTO `pdb_ensembl_alignment` (`PDB_NO`,`PDB_ID`,`CHAIN`,`ENSEMBL_ID`,`PDB_FROM`,`PDB_TO`,`ENSEMBL_FROM`,`ENSEMBL_TO`,`EVALUE`,`BITSCORE`,`IDENTP`)VALUES ('2bx5_A','2bx5','A','ENSP00000420020.1',23,117,1,95,'1.08E-54',167.0,86.316);
INSERT INTO `pdb_entry` (`PDB_NO`,`PDB_ID`,`CHAIN`) VALUES ('4kq3_L', '4kq3', 'L');
INSERT INTO `pdb_ensembl_alignment` (`PDB_NO`,`PDB_ID`,`CHAIN`,`ENSEMBL_ID`,`PDB_FROM`,`PDB_TO`,`ENSEMBL_FROM`,`ENSEMBL_TO`,`EVALUE`,`BITSCORE`,`IDENTP`)VALUES ('4kq3_L','4kq3','L','ENSP00000420020.1',23,117,1,95,'2.15E-54',171.0,86.316);
INSERT INTO `pdb_entry` (`PDB_NO`,`PDB_ID`,`CHAIN`) VALUES ('4edw_L', '4edw', 'L');
INSERT INTO `pdb_ensembl_alignment` (`PDB_NO`,`PDB_ID`,`CHAIN`,`ENSEMBL_ID`,`PDB_FROM`,`PDB_TO`,`ENSEMBL_FROM`,`ENSEMBL_TO`,`EVALUE`,`BITSCORE`,`IDENTP`)VALUES ('4edw_L','4edw','L','ENSP00000420020.1',23,117,1,95,'2.24E-54',171.0,87.368);
INSERT INTO `pdb_entry` (`PDB_NO`,`PDB_ID`,`CHAIN`) VALUES ('3wd5_L', '3wd5', 'L');
INSERT INTO `pdb_ensembl_alignment` (`PDB_NO`,`PDB_ID`,`CHAIN`,`ENSEMBL_ID`,`PDB_FROM`,`PDB_TO`,`ENSEMBL_FROM`,`ENSEMBL_TO`,`EVALUE`,`BITSCORE`,`IDENTP`)VALUES ('3wd5_L','3wd5','L','ENSP00000420020.1',23,117,1,95,'2.29E-54',171.0,85.263);
INSERT INTO `pdb_entry` (`PDB_NO`,`PDB_ID`,`CHAIN`) VALUES ('4nyl_F', '4nyl', 'F');
INSERT INTO `pdb_ensembl_alignment` (`PDB_NO`,`PDB_ID`,`CHAIN`,`ENSEMBL_ID`,`PDB_FROM`,`PDB_TO`,`ENSEMBL_FROM`,`ENSEMBL_TO`,`EVALUE`,`BITSCORE`,`IDENTP`)VALUES ('4nyl_F','4nyl','F','ENSP00000420020.1',23,117,1,95,'2.55E-54',171.0,85.263);
INSERT INTO `pdb_entry` (`PDB_NO`,`PDB_ID`,`CHAIN`) VALUES ('4nyl_D', '4nyl', 'D');
INSERT INTO `pdb_ensembl_alignment` (`PDB_NO`,`PDB_ID`,`CHAIN`,`ENSEMBL_ID`,`PDB_FROM`,`PDB_TO`,`ENSEMBL_FROM`,`ENSEMBL_TO`,`EVALUE`,`BITSCORE`,`IDENTP`)VALUES ('4nyl_D','4nyl','D','ENSP00000420020.1',23,117,1,95,'2.55E-54',171.0,85.263);
INSERT INTO `pdb_entry` (`PDB_NO`,`PDB_ID`,`CHAIN`) VALUES ('4nyl_B', '4nyl', 'B');
INSERT INTO `pdb_ensembl_alignment` (`PDB_NO`,`PDB_ID`,`CHAIN`,`ENSEMBL_ID`,`PDB_FROM`,`PDB_TO`,`ENSEMBL_FROM`,`ENSEMBL_TO`,`EVALUE`,`BITSCORE`,`IDENTP`)VALUES ('4nyl_B','4nyl','B','ENSP00000420020.1',23,117,1,95,'2.55E-54',171.0,85.263);
INSERT INTO `pdb_entry` (`PDB_NO`,`PDB_ID`,`CHAIN`) VALUES ('4nyl_L', '4nyl', 'L');
INSERT INTO `pdb_ensembl_alignment` (`PDB_NO`,`PDB_ID`,`CHAIN`,`ENSEMBL_ID`,`PDB_FROM`,`PDB_TO`,`ENSEMBL_FROM`,`ENSEMBL_TO`,`EVALUE`,`BITSCORE`,`IDENTP`)VALUES ('4nyl_L','4nyl','L','ENSP00000420020.1',23,117,1,95,'2.55E-54',171.0,85.263);
INSERT INTO `pdb_entry` (`PDB_NO`,`PDB_ID`,`CHAIN`) VALUES ('2fgw_L', '2fgw', 'L');
INSERT INTO `pdb_ensembl_alignment` (`PDB_NO`,`PDB_ID`,`CHAIN`,`ENSEMBL_ID`,`PDB_FROM`,`PDB_TO`,`ENSEMBL_FROM`,`ENSEMBL_TO`,`EVALUE`,`BITSCORE`,`IDENTP`)VALUES ('2fgw_L','2fgw','L','ENSP00000420020.1',23,117,1,95,'2.85E-54',170.0,86.316);
INSERT INTO `pdb_entry` (`PDB_NO`,`PDB_ID`,`CHAIN`) VALUES ('3bn9_E', '3bn9', 'E');
INSERT INTO `pdb_ensembl_alignment` (`PDB_NO`,`PDB_ID`,`CHAIN`,`ENSEMBL_ID`,`PDB_FROM`,`PDB_TO`,`ENSEMBL_FROM`,`ENSEMBL_TO`,`EVALUE`,`BITSCORE`,`IDENTP`)VALUES ('3bn9_E','3bn9','E','ENSP00000420020.1',23,117,1,95,'3.17E-54',170.0,86.316);
INSERT INTO `pdb_entry` (`PDB_NO`,`PDB_ID`,`CHAIN`) VALUES ('3bn9_C', '3bn9', 'C');
INSERT INTO `pdb_ensembl_alignment` (`PDB_NO`,`PDB_ID`,`CHAIN`,`ENSEMBL_ID`,`PDB_FROM`,`PDB_TO`,`ENSEMBL_FROM`,`ENSEMBL_TO`,`EVALUE`,`BITSCORE`,`IDENTP`)VALUES ('3bn9_C','3bn9','C','ENSP00000420020.1',23,117,1,95,'3.17E-54',170.0,86.316);
INSERT INTO `pdb_entry` (`PDB_NO`,`PDB_ID`,`CHAIN`) VALUES ('4k2u_M', '4k2u', 'M');
INSERT INTO `pdb_ensembl_alignment` (`PDB_NO`,`PDB_ID`,`CHAIN`,`ENSEMBL_ID`,`PDB_FROM`,`PDB_TO`,`ENSEMBL_FROM`,`ENSEMBL_TO`,`EVALUE`,`BITSCORE`,`IDENTP`)VALUES ('4k2u_M','4k2u','M','ENSP00000420020.1',1,117,3,119,'4.24E-54',171.0,70.94);
INSERT INTO `pdb_entry` (`PDB_NO`,`PDB_ID`,`CHAIN`) VALUES ('4k2u_L', '4k2u', 'L');
INSERT INTO `pdb_ensembl_alignment` (`PDB_NO`,`PDB_ID`,`CHAIN`,`ENSEMBL_ID`,`PDB_FROM`,`PDB_TO`,`ENSEMBL_FROM`,`ENSEMBL_TO`,`EVALUE`,`BITSCORE`,`IDENTP`)VALUES ('4k2u_L','4k2u','L','ENSP00000420020.1',1,117,3,119,'4.24E-54',171.0,70.94);
INSERT INTO `pdb_entry` (`PDB_NO`,`PDB_ID`,`CHAIN`) VALUES ('5czx_L', '5czx', 'L');
INSERT INTO `pdb_ensembl_alignment` (`PDB_NO`,`PDB_ID`,`CHAIN`,`ENSEMBL_ID`,`PDB_FROM`,`PDB_TO`,`ENSEMBL_FROM`,`ENSEMBL_TO`,`EVALUE`,`BITSCORE`,`IDENTP`)VALUES ('5czx_L','5czx','L','ENSP00000420020.1',23,117,1,95,'5.3E-54',169.0,86.316);
INSERT INTO `pdb_entry` (`PDB_NO`,`PDB_ID`,`CHAIN`) VALUES ('5czx_D', '5czx', 'D');
INSERT INTO `pdb_ensembl_alignment` (`PDB_NO`,`PDB_ID`,`CHAIN`,`ENSEMBL_ID`,`PDB_FROM`,`PDB_TO`,`ENSEMBL_FROM`,`ENSEMBL_TO`,`EVALUE`,`BITSCORE`,`IDENTP`)VALUES ('5czx_D','5czx','D','ENSP00000420020.1',23,117,1,95,'5.3E-54',169.0,86.316);
INSERT INTO `pdb_entry` (`PDB_NO`,`PDB_ID`,`CHAIN`) VALUES ('4yk4_B', '4yk4', 'B');
INSERT INTO `pdb_ensembl_alignment` (`PDB_NO`,`PDB_ID`,`CHAIN`,`ENSEMBL_ID`,`PDB_FROM`,`PDB_TO`,`ENSEMBL_FROM`,`ENSEMBL_TO`,`EVALUE`,`BITSCORE`,`IDENTP`)VALUES ('4yk4_B','4yk4','B','ENSP00000420020.1',23,117,1,95,'5.54E-54',169.0,86.316);
INSERT INTO `pdb_entry` (`PDB_NO`,`PDB_ID`,`CHAIN`) VALUES ('4yk4_Y', '4yk4', 'Y');
INSERT INTO `pdb_ensembl_alignment` (`PDB_NO`,`PDB_ID`,`CHAIN`,`ENSEMBL_ID`,`PDB_FROM`,`PDB_TO`,`ENSEMBL_FROM`,`ENSEMBL_TO`,`EVALUE`,`BITSCORE`,`IDENTP`)VALUES ('4yk4_Y','4yk4','Y','ENSP00000420020.1',23,117,1,95,'5.54E-54',169.0,86.316);
INSERT INTO `pdb_entry` (`PDB_NO`,`PDB_ID`,`CHAIN`) VALUES ('4p59_L', '4p59', 'L');
INSERT INTO `pdb_ensembl_alignment` (`PDB_NO`,`PDB_ID`,`CHAIN`,`ENSEMBL_ID`,`PDB_FROM`,`PDB_TO`,`ENSEMBL_FROM`,`ENSEMBL_TO`,`EVALUE`,`BITSCORE`,`IDENTP`)VALUES ('4p59_L','4p59','L','ENSP00000420020.1',23,117,1,95,'8.2E-54',169.0,85.263);
INSERT INTO `pdb_entry` (`PDB_NO`,`PDB_ID`,`CHAIN`) VALUES ('5i1e_L', '5i1e', 'L');
INSERT INTO `pdb_ensembl_alignment` (`PDB_NO`,`PDB_ID`,`CHAIN`,`ENSEMBL_ID`,`PDB_FROM`,`PDB_TO`,`ENSEMBL_FROM`,`ENSEMBL_TO`,`EVALUE`,`BITSCORE`,`IDENTP`)VALUES ('5i1e_L','5i1e','L','ENSP00000420020.1',23,117,1,95,'1.34E-53',169.0,86.316);
INSERT INTO `pdb_entry` (`PDB_NO`,`PDB_ID`,`CHAIN`) VALUES ('5i19_L', '5i19', 'L');
INSERT INTO `pdb_ensembl_alignment` (`PDB_NO`,`PDB_ID`,`CHAIN`,`ENSEMBL_ID`,`PDB_FROM`,`PDB_TO`,`ENSEMBL_FROM`,`ENSEMBL_TO`,`EVALUE`,`BITSCORE`,`IDENTP`)VALUES ('5i19_L','5i19','L','ENSP00000420020.1',23,117,1,95,'1.34E-53',169.0,86.316);
INSERT INTO `pdb_entry` (`PDB_NO`,`PDB_ID`,`CHAIN`) VALUES ('5i15_L', '5i15', 'L');
INSERT INTO `pdb_ensembl_alignment` (`PDB_NO`,`PDB_ID`,`CHAIN`,`ENSEMBL_ID`,`PDB_FROM`,`PDB_TO`,`ENSEMBL_FROM`,`ENSEMBL_TO`,`EVALUE`,`BITSCORE`,`IDENTP`)VALUES ('5i15_L','5i15','L','ENSP00000420020.1',23,117,1,95,'1.34E-53',169.0,86.316);
INSERT INTO `pdb_entry` (`PDB_NO`,`PDB_ID`,`CHAIN`) VALUES ('4kmt_L', '4kmt', 'L');
INSERT INTO `pdb_ensembl_alignment` (`PDB_NO`,`PDB_ID`,`CHAIN`,`ENSEMBL_ID`,`PDB_FROM`,`PDB_TO`,`ENSEMBL_FROM`,`ENSEMBL_TO`,`EVALUE`,`BITSCORE`,`IDENTP`)VALUES ('4kmt_L','4kmt','L','ENSP00000420020.1',23,117,1,95,'1.37E-53',169.0,86.316);
INSERT INTO `pdb_entry` (`PDB_NO`,`PDB_ID`,`CHAIN`) VALUES ('4n1c_B', '4n1c', 'B');
INSERT INTO `pdb_ensembl_alignment` (`PDB_NO`,`PDB_ID`,`CHAIN`,`ENSEMBL_ID`,`PDB_FROM`,`PDB_TO`,`ENSEMBL_FROM`,`ENSEMBL_TO`,`EVALUE`,`BITSCORE`,`IDENTP`)VALUES ('4n1c_B','4n1c','B','ENSP00000420020.1',23,117,1,95,'1.65E-53',165.0,85.263);
INSERT INTO `pdb_entry` (`PDB_NO`,`PDB_ID`,`CHAIN`) VALUES ('4n1c_A', '4n1c', 'A');
INSERT INTO `pdb_ensembl_alignment` (`PDB_NO`,`PDB_ID`,`CHAIN`,`ENSEMBL_ID`,`PDB_FROM`,`PDB_TO`,`ENSEMBL_FROM`,`ENSEMBL_TO`,`EVALUE`,`BITSCORE`,`IDENTP`)VALUES ('4n1c_A','4n1c','A','ENSP00000420020.1',23,117,1,95,'1.65E-53',165.0,85.263);
INSERT INTO `pdb_entry` (`PDB_NO`,`PDB_ID`,`CHAIN`) VALUES ('2xtj_B', '2xtj', 'B');
INSERT INTO `pdb_ensembl_alignment` (`PDB_NO`,`PDB_ID`,`CHAIN`,`ENSEMBL_ID`,`PDB_FROM`,`PDB_TO`,`ENSEMBL_FROM`,`ENSEMBL_TO`,`EVALUE`,`BITSCORE`,`IDENTP`)VALUES ('2xtj_B','2xtj','B','ENSP00000420020.1',23,117,1,95,'2.86E-53',164.0,83.158);
INSERT INTO `pdb_entry` (`PDB_NO`,`PDB_ID`,`CHAIN`) VALUES ('2uzi_L', '2uzi', 'L');
INSERT INTO `pdb_ensembl_alignment` (`PDB_NO`,`PDB_ID`,`CHAIN`,`ENSEMBL_ID`,`PDB_FROM`,`PDB_TO`,`ENSEMBL_FROM`,`ENSEMBL_TO`,`EVALUE`,`BITSCORE`,`IDENTP`)VALUES ('2uzi_L','2uzi','L','ENSP00000420020.1',24,117,1,94,'3.21E-53',164.0,85.106);
INSERT INTO `pdb_entry` (`PDB_NO`,`PDB_ID`,`CHAIN`) VALUES ('4xi5_C', '4xi5', 'C');
INSERT INTO `pdb_ensembl_alignment` (`PDB_NO`,`PDB_ID`,`CHAIN`,`ENSEMBL_ID`,`PDB_FROM`,`PDB_TO`,`ENSEMBL_FROM`,`ENSEMBL_TO`,`EVALUE`,`BITSCORE`,`IDENTP`)VALUES ('4xi5_C','4xi5','C','ENSP00000420020.1',23,117,1,95,'5.07E-53',167.0,84.211);
INSERT INTO `pdb_entry` (`PDB_NO`,`PDB_ID`,`CHAIN`) VALUES ('1hez_C', '1hez', 'C');
INSERT INTO `pdb_ensembl_alignment` (`PDB_NO`,`PDB_ID`,`CHAIN`,`ENSEMBL_ID`,`PDB_FROM`,`PDB_TO`,`ENSEMBL_FROM`,`ENSEMBL_TO`,`EVALUE`,`BITSCORE`,`IDENTP`)VALUES ('1hez_C','1hez','C','ENSP00000420020.1',23,117,1,95,'6.59E-53',167.0,85.263);
INSERT INTO `pdb_entry` (`PDB_NO`,`PDB_ID`,`CHAIN`) VALUES ('1hez_A', '1hez', 'A');
INSERT INTO `pdb_ensembl_alignment` (`PDB_NO`,`PDB_ID`,`CHAIN`,`ENSEMBL_ID`,`PDB_FROM`,`PDB_TO`,`ENSEMBL_FROM`,`ENSEMBL_TO`,`EVALUE`,`BITSCORE`,`IDENTP`)VALUES ('1hez_A','1hez','A','ENSP00000420020.1',23,117,1,95,'6.59E-53',167.0,85.263);
INSERT INTO `pdb_entry` (`PDB_NO`,`PDB_ID`,`CHAIN`) VALUES ('1dee_E', '1dee', 'E');
INSERT INTO `pdb_ensembl_alignment` (`PDB_NO`,`PDB_ID`,`CHAIN`,`ENSEMBL_ID`,`PDB_FROM`,`PDB_TO`,`ENSEMBL_FROM`,`ENSEMBL_TO`,`EVALUE`,`BITSCORE`,`IDENTP`)VALUES ('1dee_E','1dee','E','ENSP00000420020.1',23,117,1,95,'6.59E-53',167.0,85.263);
INSERT INTO `pdb_entry` (`PDB_NO`,`PDB_ID`,`CHAIN`) VALUES ('1dee_C', '1dee', 'C');
INSERT INTO `pdb_ensembl_alignment` (`PDB_NO`,`PDB_ID`,`CHAIN`,`ENSEMBL_ID`,`PDB_FROM`,`PDB_TO`,`ENSEMBL_FROM`,`ENSEMBL_TO`,`EVALUE`,`BITSCORE`,`IDENTP`)VALUES ('1dee_C','1dee','C','ENSP00000420020.1',23,117,1,95,'6.59E-53',167.0,85.263);
INSERT INTO `pdb_entry` (`PDB_NO`,`PDB_ID`,`CHAIN`) VALUES ('1dee_A', '1dee', 'A');
INSERT INTO `pdb_ensembl_alignment` (`PDB_NO`,`PDB_ID`,`CHAIN`,`ENSEMBL_ID`,`PDB_FROM`,`PDB_TO`,`ENSEMBL_FROM`,`ENSEMBL_TO`,`EVALUE`,`BITSCORE`,`IDENTP`)VALUES ('1dee_A','1dee','A','ENSP00000420020.1',23,117,1,95,'6.59E-53',167.0,85.263);
INSERT INTO `pdb_entry` (`PDB_NO`,`PDB_ID`,`CHAIN`) VALUES ('4m6o_L', '4m6o', 'L');
INSERT INTO `pdb_ensembl_alignment` (`PDB_NO`,`PDB_ID`,`CHAIN`,`ENSEMBL_ID`,`PDB_FROM`,`PDB_TO`,`ENSEMBL_FROM`,`ENSEMBL_TO`,`EVALUE`,`BITSCORE`,`IDENTP`)VALUES ('4m6o_L','4m6o','L','ENSP00000420020.1',24,117,2,95,'7.52E-53',167.0,85.106);
INSERT INTO `pdb_entry` (`PDB_NO`,`PDB_ID`,`CHAIN`) VALUES ('3eob_A', '3eob', 'A');
INSERT INTO `pdb_ensembl_alignment` (`PDB_NO`,`PDB_ID`,`CHAIN`,`ENSEMBL_ID`,`PDB_FROM`,`PDB_TO`,`ENSEMBL_FROM`,`ENSEMBL_TO`,`EVALUE`,`BITSCORE`,`IDENTP`)VALUES ('3eob_A','3eob','A','ENSP00000420020.1',23,117,1,95,'1.08E-52',166.0,83.158);
INSERT INTO `pdb_entry` (`PDB_NO`,`PDB_ID`,`CHAIN`) VALUES ('3eob_L', '3eob', 'L');
INSERT INTO `pdb_ensembl_alignment` (`PDB_NO`,`PDB_ID`,`CHAIN`,`ENSEMBL_ID`,`PDB_FROM`,`PDB_TO`,`ENSEMBL_FROM`,`ENSEMBL_TO`,`EVALUE`,`BITSCORE`,`IDENTP`)VALUES ('3eob_L','3eob','L','ENSP00000420020.1',23,117,1,95,'1.08E-52',166.0,83.158);
INSERT INTO `pdb_entry` (`PDB_NO`,`PDB_ID`,`CHAIN`) VALUES ('3eoa_A', '3eoa', 'A');
INSERT INTO `pdb_ensembl_alignment` (`PDB_NO`,`PDB_ID`,`CHAIN`,`ENSEMBL_ID`,`PDB_FROM`,`PDB_TO`,`ENSEMBL_FROM`,`ENSEMBL_TO`,`EVALUE`,`BITSCORE`,`IDENTP`)VALUES ('3eoa_A','3eoa','A','ENSP00000420020.1',23,117,1,95,'1.08E-52',166.0,83.158);
INSERT INTO `pdb_entry` (`PDB_NO`,`PDB_ID`,`CHAIN`) VALUES ('3eoa_L', '3eoa', 'L');
INSERT INTO `pdb_ensembl_alignment` (`PDB_NO`,`PDB_ID`,`CHAIN`,`ENSEMBL_ID`,`PDB_FROM`,`PDB_TO`,`ENSEMBL_FROM`,`ENSEMBL_TO`,`EVALUE`,`BITSCORE`,`IDENTP`)VALUES ('3eoa_L','3eoa','L','ENSP00000420020.1',23,117,1,95,'1.08E-52',166.0,83.158);
INSERT INTO `pdb_entry` (`PDB_NO`,`PDB_ID`,`CHAIN`) VALUES ('3eo9_L', '3eo9', 'L');
INSERT INTO `pdb_ensembl_alignment` (`PDB_NO`,`PDB_ID`,`CHAIN`,`ENSEMBL_ID`,`PDB_FROM`,`PDB_TO`,`ENSEMBL_FROM`,`ENSEMBL_TO`,`EVALUE`,`BITSCORE`,`IDENTP`)VALUES ('3eo9_L','3eo9','L','ENSP00000420020.1',23,117,1,95,'1.08E-52',166.0,83.158);
INSERT INTO `pdb_entry` (`PDB_NO`,`PDB_ID`,`CHAIN`) VALUES ('3ncj_L', '3ncj', 'L');
INSERT INTO `pdb_ensembl_alignment` (`PDB_NO`,`PDB_ID`,`CHAIN`,`ENSEMBL_ID`,`PDB_FROM`,`PDB_TO`,`ENSEMBL_FROM`,`ENSEMBL_TO`,`EVALUE`,`BITSCORE`,`IDENTP`)VALUES ('3ncj_L','3ncj','L','ENSP00000420020.1',23,117,1,95,'2.26E-52',166.0,85.263);
INSERT INTO `pdb_entry` (`PDB_NO`,`PDB_ID`,`CHAIN`) VALUES ('3kr3_L', '3kr3', 'L');
INSERT INTO `pdb_ensembl_alignment` (`PDB_NO`,`PDB_ID`,`CHAIN`,`ENSEMBL_ID`,`PDB_FROM`,`PDB_TO`,`ENSEMBL_FROM`,`ENSEMBL_TO`,`EVALUE`,`BITSCORE`,`IDENTP`)VALUES ('3kr3_L','3kr3','L','ENSP00000420020.1',23,117,2,96,'2.63E-52',165.0,85.263);
INSERT INTO `pdb_entry` (`PDB_NO`,`PDB_ID`,`CHAIN`) VALUES ('4n1e_H', '4n1e', 'H');
INSERT INTO `pdb_ensembl_alignment` (`PDB_NO`,`PDB_ID`,`CHAIN`,`ENSEMBL_ID`,`PDB_FROM`,`PDB_TO`,`ENSEMBL_FROM`,`ENSEMBL_TO`,`EVALUE`,`BITSCORE`,`IDENTP`)VALUES ('4n1e_H','4n1e','H','ENSP00000420020.1',23,112,1,90,'2.73E-52',162.0,87.778);
INSERT INTO `pdb_entry` (`PDB_NO`,`PDB_ID`,`CHAIN`) VALUES ('4n1e_G', '4n1e', 'G');
INSERT INTO `pdb_ensembl_alignment` (`PDB_NO`,`PDB_ID`,`CHAIN`,`ENSEMBL_ID`,`PDB_FROM`,`PDB_TO`,`ENSEMBL_FROM`,`ENSEMBL_TO`,`EVALUE`,`BITSCORE`,`IDENTP`)VALUES ('4n1e_G','4n1e','G','ENSP00000420020.1',23,112,1,90,'2.73E-52',162.0,87.778);
INSERT INTO `pdb_entry` (`PDB_NO`,`PDB_ID`,`CHAIN`) VALUES ('4n1e_F', '4n1e', 'F');
INSERT INTO `pdb_ensembl_alignment` (`PDB_NO`,`PDB_ID`,`CHAIN`,`ENSEMBL_ID`,`PDB_FROM`,`PDB_TO`,`ENSEMBL_FROM`,`ENSEMBL_TO`,`EVALUE`,`BITSCORE`,`IDENTP`)VALUES ('4n1e_F','4n1e','F','ENSP00000420020.1',23,112,1,90,'2.73E-52',162.0,87.778);
INSERT INTO `pdb_entry` (`PDB_NO`,`PDB_ID`,`CHAIN`) VALUES ('4n1e_E', '4n1e', 'E');
INSERT INTO `pdb_ensembl_alignment` (`PDB_NO`,`PDB_ID`,`CHAIN`,`ENSEMBL_ID`,`PDB_FROM`,`PDB_TO`,`ENSEMBL_FROM`,`ENSEMBL_TO`,`EVALUE`,`BITSCORE`,`IDENTP`)VALUES ('4n1e_E','4n1e','E','ENSP00000420020.1',23,112,1,90,'2.73E-52',162.0,87.778);
INSERT INTO `pdb_entry` (`PDB_NO`,`PDB_ID`,`CHAIN`) VALUES ('4n1e_D', '4n1e', 'D');
INSERT INTO `pdb_ensembl_alignment` (`PDB_NO`,`PDB_ID`,`CHAIN`,`ENSEMBL_ID`,`PDB_FROM`,`PDB_TO`,`ENSEMBL_FROM`,`ENSEMBL_TO`,`EVALUE`,`BITSCORE`,`IDENTP`)VALUES ('4n1e_D','4n1e','D','ENSP00000420020.1',23,112,1,90,'2.73E-52',162.0,87.778);
INSERT INTO `pdb_entry` (`PDB_NO`,`PDB_ID`,`CHAIN`) VALUES ('4n1e_C', '4n1e', 'C');
INSERT INTO `pdb_ensembl_alignment` (`PDB_NO`,`PDB_ID`,`CHAIN`,`ENSEMBL_ID`,`PDB_FROM`,`PDB_TO`,`ENSEMBL_FROM`,`ENSEMBL_TO`,`EVALUE`,`BITSCORE`,`IDENTP`)VALUES ('4n1e_C','4n1e','C','ENSP00000420020.1',23,112,1,90,'2.73E-52',162.0,87.778);
INSERT INTO `pdb_entry` (`PDB_NO`,`PDB_ID`,`CHAIN`) VALUES ('4n1e_B', '4n1e', 'B');
INSERT INTO `pdb_ensembl_alignment` (`PDB_NO`,`PDB_ID`,`CHAIN`,`ENSEMBL_ID`,`PDB_FROM`,`PDB_TO`,`ENSEMBL_FROM`,`ENSEMBL_TO`,`EVALUE`,`BITSCORE`,`IDENTP`)VALUES ('4n1e_B','4n1e','B','ENSP00000420020.1',23,112,1,90,'2.73E-52',162.0,87.778);
INSERT INTO `pdb_entry` (`PDB_NO`,`PDB_ID`,`CHAIN`) VALUES ('4n1e_A', '4n1e', 'A');
INSERT INTO `pdb_ensembl_alignment` (`PDB_NO`,`PDB_ID`,`CHAIN`,`ENSEMBL_ID`,`PDB_FROM`,`PDB_TO`,`ENSEMBL_FROM`,`ENSEMBL_TO`,`EVALUE`,`BITSCORE`,`IDENTP`)VALUES ('4n1e_A','4n1e','A','ENSP00000420020.1',23,112,1,90,'2.73E-52',162.0,87.778);
INSERT INTO `pdb_entry` (`PDB_NO`,`PDB_ID`,`CHAIN`) VALUES ('5dwu_L', '5dwu', 'L');
INSERT INTO `pdb_ensembl_alignment` (`PDB_NO`,`PDB_ID`,`CHAIN`,`ENSEMBL_ID`,`PDB_FROM`,`PDB_TO`,`ENSEMBL_FROM`,`ENSEMBL_TO`,`EVALUE`,`BITSCORE`,`IDENTP`)VALUES ('5dwu_L','5dwu','L','ENSP00000420020.1',23,117,1,95,'3.86E-52',165.0,83.158);
INSERT INTO `pdb_entry` (`PDB_NO`,`PDB_ID`,`CHAIN`) VALUES ('4lmq_L', '4lmq', 'L');
INSERT INTO `pdb_ensembl_alignment` (`PDB_NO`,`PDB_ID`,`CHAIN`,`ENSEMBL_ID`,`PDB_FROM`,`PDB_TO`,`ENSEMBL_FROM`,`ENSEMBL_TO`,`EVALUE`,`BITSCORE`,`IDENTP`)VALUES ('4lmq_L','4lmq','L','ENSP00000420020.1',23,117,1,95,'4.45E-52',165.0,84.211);
INSERT INTO `pdb_entry` (`PDB_NO`,`PDB_ID`,`CHAIN`) VALUES ('4lmq_I', '4lmq', 'I');
INSERT INTO `pdb_ensembl_alignment` (`PDB_NO`,`PDB_ID`,`CHAIN`,`ENSEMBL_ID`,`PDB_FROM`,`PDB_TO`,`ENSEMBL_FROM`,`ENSEMBL_TO`,`EVALUE`,`BITSCORE`,`IDENTP`)VALUES ('4lmq_I','4lmq','I','ENSP00000420020.1',23,117,1,95,'4.45E-52',165.0,84.211);
INSERT INTO `pdb_entry` (`PDB_NO`,`PDB_ID`,`CHAIN`) VALUES ('4dkf_M', '4dkf', 'M');
INSERT INTO `pdb_ensembl_alignment` (`PDB_NO`,`PDB_ID`,`CHAIN`,`ENSEMBL_ID`,`PDB_FROM`,`PDB_TO`,`ENSEMBL_FROM`,`ENSEMBL_TO`,`EVALUE`,`BITSCORE`,`IDENTP`)VALUES ('4dkf_M','4dkf','M','ENSP00000420020.1',23,117,1,95,'4.5E-52',165.0,85.263);
INSERT INTO `pdb_entry` (`PDB_NO`,`PDB_ID`,`CHAIN`) VALUES ('4dkf_L', '4dkf', 'L');
INSERT INTO `pdb_ensembl_alignment` (`PDB_NO`,`PDB_ID`,`CHAIN`,`ENSEMBL_ID`,`PDB_FROM`,`PDB_TO`,`ENSEMBL_FROM`,`ENSEMBL_TO`,`EVALUE`,`BITSCORE`,`IDENTP`)VALUES ('4dkf_L','4dkf','L','ENSP00000420020.1',23,117,1,95,'4.5E-52',165.0,85.263);
INSERT INTO `pdb_entry` (`PDB_NO`,`PDB_ID`,`CHAIN`) VALUES ('4lkc_A', '4lkc', 'A');
INSERT INTO `pdb_ensembl_alignment` (`PDB_NO`,`PDB_ID`,`CHAIN`,`ENSEMBL_ID`,`PDB_FROM`,`PDB_TO`,`ENSEMBL_FROM`,`ENSEMBL_TO`,`EVALUE`,`BITSCORE`,`IDENTP`)VALUES ('4lkc_A','4lkc','A','ENSP00000420020.1',24,115,2,93,'5.24E-52',164.0,85.87);
INSERT INTO `pdb_entry` (`PDB_NO`,`PDB_ID`,`CHAIN`) VALUES ('4k8r_C', '4k8r', 'C');
INSERT INTO `pdb_ensembl_alignment` (`PDB_NO`,`PDB_ID`,`CHAIN`,`ENSEMBL_ID`,`PDB_FROM`,`PDB_TO`,`ENSEMBL_FROM`,`ENSEMBL_TO`,`EVALUE`,`BITSCORE`,`IDENTP`)VALUES ('4k8r_C','4k8r','C','ENSP00000420020.1',24,115,2,93,'5.24E-52',164.0,85.87);
INSERT INTO `pdb_entry` (`PDB_NO`,`PDB_ID`,`CHAIN`) VALUES ('4cni_L', '4cni', 'L');
INSERT INTO `pdb_ensembl_alignment` (`PDB_NO`,`PDB_ID`,`CHAIN`,`ENSEMBL_ID`,`PDB_FROM`,`PDB_TO`,`ENSEMBL_FROM`,`ENSEMBL_TO`,`EVALUE`,`BITSCORE`,`IDENTP`)VALUES ('4cni_L','4cni','L','ENSP00000420020.1',23,117,1,95,'5.59E-52',164.0,84.211);
INSERT INTO `pdb_entry` (`PDB_NO`,`PDB_ID`,`CHAIN`) VALUES ('4cni_B', '4cni', 'B');
INSERT INTO `pdb_ensembl_alignment` (`PDB_NO`,`PDB_ID`,`CHAIN`,`ENSEMBL_ID`,`PDB_FROM`,`PDB_TO`,`ENSEMBL_FROM`,`ENSEMBL_TO`,`EVALUE`,`BITSCORE`,`IDENTP`)VALUES ('4cni_B','4cni','B','ENSP00000420020.1',23,117,1,95,'5.59E-52',164.0,84.211);
INSERT INTO `pdb_entry` (`PDB_NO`,`PDB_ID`,`CHAIN`) VALUES ('4liq_L', '4liq', 'L');
INSERT INTO `pdb_ensembl_alignment` (`PDB_NO`,`PDB_ID`,`CHAIN`,`ENSEMBL_ID`,`PDB_FROM`,`PDB_TO`,`ENSEMBL_FROM`,`ENSEMBL_TO`,`EVALUE`,`BITSCORE`,`IDENTP`)VALUES ('4liq_L','4liq','L','ENSP00000420020.1',23,117,1,95,'7.7E-52',164.0,83.158);
INSERT INTO `pdb_entry` (`PDB_NO`,`PDB_ID`,`CHAIN`) VALUES ('4nrx_E', '4nrx', 'E');
INSERT INTO `pdb_ensembl_alignment` (`PDB_NO`,`PDB_ID`,`CHAIN`,`ENSEMBL_ID`,`PDB_FROM`,`PDB_TO`,`ENSEMBL_FROM`,`ENSEMBL_TO`,`EVALUE`,`BITSCORE`,`IDENTP`)VALUES ('4nrx_E','4nrx','E','ENSP00000420020.1',23,117,1,95,'9.58E-52',164.0,84.211);
INSERT INTO `pdb_entry` (`PDB_NO`,`PDB_ID`,`CHAIN`) VALUES ('4nrx_B', '4nrx', 'B');
INSERT INTO `pdb_ensembl_alignment` (`PDB_NO`,`PDB_ID`,`CHAIN`,`ENSEMBL_ID`,`PDB_FROM`,`PDB_TO`,`ENSEMBL_FROM`,`ENSEMBL_TO`,`EVALUE`,`BITSCORE`,`IDENTP`)VALUES ('4nrx_B','4nrx','B','ENSP00000420020.1',23,117,1,95,'9.58E-52',164.0,84.211);
INSERT INTO `pdb_entry` (`PDB_NO`,`PDB_ID`,`CHAIN`) VALUES ('4nrx_L', '4nrx', 'L');
INSERT INTO `pdb_ensembl_alignment` (`PDB_NO`,`PDB_ID`,`CHAIN`,`ENSEMBL_ID`,`PDB_FROM`,`PDB_TO`,`ENSEMBL_FROM`,`ENSEMBL_TO`,`EVALUE`,`BITSCORE`,`IDENTP`)VALUES ('4nrx_L','4nrx','L','ENSP00000420020.1',23,117,1,95,'9.58E-52',164.0,84.211);
INSERT INTO `pdb_entry` (`PDB_NO`,`PDB_ID`,`CHAIN`) VALUES ('1bvl_D', '1bvl', 'D');
INSERT INTO `pdb_ensembl_alignment` (`PDB_NO`,`PDB_ID`,`CHAIN`,`ENSEMBL_ID`,`PDB_FROM`,`PDB_TO`,`ENSEMBL_FROM`,`ENSEMBL_TO`,`EVALUE`,`BITSCORE`,`IDENTP`)VALUES ('1bvl_D','1bvl','D','ENSP00000420020.1',23,117,1,95,'9.63E-52',160.0,82.105);
INSERT INTO `pdb_entry` (`PDB_NO`,`PDB_ID`,`CHAIN`) VALUES ('1bvl_B', '1bvl', 'B');
INSERT INTO `pdb_ensembl_alignment` (`PDB_NO`,`PDB_ID`,`CHAIN`,`ENSEMBL_ID`,`PDB_FROM`,`PDB_TO`,`ENSEMBL_FROM`,`ENSEMBL_TO`,`EVALUE`,`BITSCORE`,`IDENTP`)VALUES ('1bvl_B','1bvl','B','ENSP00000420020.1',23,117,1,95,'9.63E-52',160.0,82.105);
INSERT INTO `pdb_entry` (`PDB_NO`,`PDB_ID`,`CHAIN`) VALUES ('1bvk_D', '1bvk', 'D');
INSERT INTO `pdb_ensembl_alignment` (`PDB_NO`,`PDB_ID`,`CHAIN`,`ENSEMBL_ID`,`PDB_FROM`,`PDB_TO`,`ENSEMBL_FROM`,`ENSEMBL_TO`,`EVALUE`,`BITSCORE`,`IDENTP`)VALUES ('1bvk_D','1bvk','D','ENSP00000420020.1',23,117,1,95,'9.63E-52',160.0,82.105);
INSERT INTO `pdb_entry` (`PDB_NO`,`PDB_ID`,`CHAIN`) VALUES ('1bvk_A', '1bvk', 'A');
INSERT INTO `pdb_ensembl_alignment` (`PDB_NO`,`PDB_ID`,`CHAIN`,`ENSEMBL_ID`,`PDB_FROM`,`PDB_TO`,`ENSEMBL_FROM`,`ENSEMBL_TO`,`EVALUE`,`BITSCORE`,`IDENTP`)VALUES ('1bvk_A','1bvk','A','ENSP00000420020.1',23,117,1,95,'9.63E-52',160.0,82.105);
INSERT INTO `pdb_entry` (`PDB_NO`,`PDB_ID`,`CHAIN`) VALUES ('4pub_L', '4pub', 'L');
INSERT INTO `pdb_ensembl_alignment` (`PDB_NO`,`PDB_ID`,`CHAIN`,`ENSEMBL_ID`,`PDB_FROM`,`PDB_TO`,`ENSEMBL_FROM`,`ENSEMBL_TO`,`EVALUE`,`BITSCORE`,`IDENTP`)VALUES ('4pub_L','4pub','L','ENSP00000420020.1',23,114,1,92,'1.01E-51',164.0,84.783);
INSERT INTO `pdb_entry` (`PDB_NO`,`PDB_ID`,`CHAIN`) VALUES ('4ogy_N', '4ogy', 'N');
INSERT INTO `pdb_ensembl_alignment` (`PDB_NO`,`PDB_ID`,`CHAIN`,`ENSEMBL_ID`,`PDB_FROM`,`PDB_TO`,`ENSEMBL_FROM`,`ENSEMBL_TO`,`EVALUE`,`BITSCORE`,`IDENTP`)VALUES ('4ogy_N','4ogy','N','ENSP00000420020.1',23,114,1,92,'1.01E-51',164.0,84.783);
INSERT INTO `pdb_entry` (`PDB_NO`,`PDB_ID`,`CHAIN`) VALUES ('4ogy_L', '4ogy', 'L');
INSERT INTO `pdb_ensembl_alignment` (`PDB_NO`,`PDB_ID`,`CHAIN`,`ENSEMBL_ID`,`PDB_FROM`,`PDB_TO`,`ENSEMBL_FROM`,`ENSEMBL_TO`,`EVALUE`,`BITSCORE`,`IDENTP`)VALUES ('4ogy_L','4ogy','L','ENSP00000420020.1',23,114,1,92,'1.01E-51',164.0,84.783);
INSERT INTO `pdb_entry` (`PDB_NO`,`PDB_ID`,`CHAIN`) VALUES ('4ogx_L', '4ogx', 'L');
INSERT INTO `pdb_ensembl_alignment` (`PDB_NO`,`PDB_ID`,`CHAIN`,`ENSEMBL_ID`,`PDB_FROM`,`PDB_TO`,`ENSEMBL_FROM`,`ENSEMBL_TO`,`EVALUE`,`BITSCORE`,`IDENTP`)VALUES ('4ogx_L','4ogx','L','ENSP00000420020.1',23,114,1,92,'1.01E-51',164.0,84.783);
INSERT INTO `pdb_entry` (`PDB_NO`,`PDB_ID`,`CHAIN`) VALUES ('3skj_M', '3skj', 'M');
INSERT INTO `pdb_ensembl_alignment` (`PDB_NO`,`PDB_ID`,`CHAIN`,`ENSEMBL_ID`,`PDB_FROM`,`PDB_TO`,`ENSEMBL_FROM`,`ENSEMBL_TO`,`EVALUE`,`BITSCORE`,`IDENTP`)VALUES ('3skj_M','3skj','M','ENSP00000420020.1',23,115,1,93,'1.16E-51',164.0,83.871);
INSERT INTO `pdb_entry` (`PDB_NO`,`PDB_ID`,`CHAIN`) VALUES ('3skj_L', '3skj', 'L');
INSERT INTO `pdb_ensembl_alignment` (`PDB_NO`,`PDB_ID`,`CHAIN`,`ENSEMBL_ID`,`PDB_FROM`,`PDB_TO`,`ENSEMBL_FROM`,`ENSEMBL_TO`,`EVALUE`,`BITSCORE`,`IDENTP`)VALUES ('3skj_L','3skj','L','ENSP00000420020.1',23,115,1,93,'1.16E-51',164.0,83.871);
INSERT INTO `pdb_entry` (`PDB_NO`,`PDB_ID`,`CHAIN`) VALUES ('4nry_B', '4nry', 'B');
INSERT INTO `pdb_ensembl_alignment` (`PDB_NO`,`PDB_ID`,`CHAIN`,`ENSEMBL_ID`,`PDB_FROM`,`PDB_TO`,`ENSEMBL_FROM`,`ENSEMBL_TO`,`EVALUE`,`BITSCORE`,`IDENTP`)VALUES ('4nry_B','4nry','B','ENSP00000420020.1',23,117,1,95,'1.22E-51',164.0,84.211);
INSERT INTO `pdb_entry` (`PDB_NO`,`PDB_ID`,`CHAIN`) VALUES ('4nry_L', '4nry', 'L');
INSERT INTO `pdb_ensembl_alignment` (`PDB_NO`,`PDB_ID`,`CHAIN`,`ENSEMBL_ID`,`PDB_FROM`,`PDB_TO`,`ENSEMBL_FROM`,`ENSEMBL_TO`,`EVALUE`,`BITSCORE`,`IDENTP`)VALUES ('4nry_L','4nry','L','ENSP00000420020.1',23,117,1,95,'1.22E-51',164.0,84.211);
INSERT INTO `pdb_entry` (`PDB_NO`,`PDB_ID`,`CHAIN`) VALUES ('5bo1_M', '5bo1', 'M');
INSERT INTO `pdb_ensembl_alignment` (`PDB_NO`,`PDB_ID`,`CHAIN`,`ENSEMBL_ID`,`PDB_FROM`,`PDB_TO`,`ENSEMBL_FROM`,`ENSEMBL_TO`,`EVALUE`,`BITSCORE`,`IDENTP`)VALUES ('5bo1_M','5bo1','M','ENSP00000420020.1',23,113,1,91,'2.24E-51',163.0,86.813);
INSERT INTO `pdb_entry` (`PDB_NO`,`PDB_ID`,`CHAIN`) VALUES ('5bo1_L', '5bo1', 'L');
INSERT INTO `pdb_ensembl_alignment` (`PDB_NO`,`PDB_ID`,`CHAIN`,`ENSEMBL_ID`,`PDB_FROM`,`PDB_TO`,`ENSEMBL_FROM`,`ENSEMBL_TO`,`EVALUE`,`BITSCORE`,`IDENTP`)VALUES ('5bo1_L','5bo1','L','ENSP00000420020.1',23,113,1,91,'2.24E-51',163.0,86.813);
INSERT INTO `pdb_entry` (`PDB_NO`,`PDB_ID`,`CHAIN`) VALUES ('3fzu_D', '3fzu', 'D');
INSERT INTO `pdb_ensembl_alignment` (`PDB_NO`,`PDB_ID`,`CHAIN`,`ENSEMBL_ID`,`PDB_FROM`,`PDB_TO`,`ENSEMBL_FROM`,`ENSEMBL_TO`,`EVALUE`,`BITSCORE`,`IDENTP`)VALUES ('3fzu_D','3fzu','D','ENSP00000420020.1',23,117,1,95,'2.44E-51',163.0,83.158);
INSERT INTO `pdb_entry` (`PDB_NO`,`PDB_ID`,`CHAIN`) VALUES ('3fzu_L', '3fzu', 'L');
INSERT INTO `pdb_ensembl_alignment` (`PDB_NO`,`PDB_ID`,`CHAIN`,`ENSEMBL_ID`,`PDB_FROM`,`PDB_TO`,`ENSEMBL_FROM`,`ENSEMBL_TO`,`EVALUE`,`BITSCORE`,`IDENTP`)VALUES ('3fzu_L','3fzu','L','ENSP00000420020.1',23,117,1,95,'2.44E-51',163.0,83.158);
INSERT INTO `pdb_entry` (`PDB_NO`,`PDB_ID`,`CHAIN`) VALUES ('3ulv_L', '3ulv', 'L');
INSERT INTO `pdb_ensembl_alignment` (`PDB_NO`,`PDB_ID`,`CHAIN`,`ENSEMBL_ID`,`PDB_FROM`,`PDB_TO`,`ENSEMBL_FROM`,`ENSEMBL_TO`,`EVALUE`,`BITSCORE`,`IDENTP`)VALUES ('3ulv_L','3ulv','L','ENSP00000420020.1',23,116,1,94,'2.72E-51',163.0,85.106);
INSERT INTO `pdb_entry` (`PDB_NO`,`PDB_ID`,`CHAIN`) VALUES ('3ulu_L', '3ulu', 'L');
INSERT INTO `pdb_ensembl_alignment` (`PDB_NO`,`PDB_ID`,`CHAIN`,`ENSEMBL_ID`,`PDB_FROM`,`PDB_TO`,`ENSEMBL_FROM`,`ENSEMBL_TO`,`EVALUE`,`BITSCORE`,`IDENTP`)VALUES ('3ulu_L','3ulu','L','ENSP00000420020.1',23,116,1,94,'2.72E-51',163.0,85.106);
INSERT INTO `pdb_entry` (`PDB_NO`,`PDB_ID`,`CHAIN`) VALUES ('3nac_L', '3nac', 'L');
INSERT INTO `pdb_ensembl_alignment` (`PDB_NO`,`PDB_ID`,`CHAIN`,`ENSEMBL_ID`,`PDB_FROM`,`PDB_TO`,`ENSEMBL_FROM`,`ENSEMBL_TO`,`EVALUE`,`BITSCORE`,`IDENTP`)VALUES ('3nac_L','3nac','L','ENSP00000420020.1',23,116,1,94,'2.72E-51',163.0,85.106);
INSERT INTO `pdb_entry` (`PDB_NO`,`PDB_ID`,`CHAIN`) VALUES ('3nab_L', '3nab', 'L');
INSERT INTO `pdb_ensembl_alignment` (`PDB_NO`,`PDB_ID`,`CHAIN`,`ENSEMBL_ID`,`PDB_FROM`,`PDB_TO`,`ENSEMBL_FROM`,`ENSEMBL_TO`,`EVALUE`,`BITSCORE`,`IDENTP`)VALUES ('3nab_L','3nab','L','ENSP00000420020.1',23,116,1,94,'2.72E-51',163.0,85.106);
INSERT INTO `pdb_entry` (`PDB_NO`,`PDB_ID`,`CHAIN`) VALUES ('3naa_L', '3naa', 'L');
INSERT INTO `pdb_ensembl_alignment` (`PDB_NO`,`PDB_ID`,`CHAIN`,`ENSEMBL_ID`,`PDB_FROM`,`PDB_TO`,`ENSEMBL_FROM`,`ENSEMBL_TO`,`EVALUE`,`BITSCORE`,`IDENTP`)VALUES ('3naa_L','3naa','L','ENSP00000420020.1',23,116,1,94,'2.72E-51',163.0,85.106);
INSERT INTO `pdb_entry` (`PDB_NO`,`PDB_ID`,`CHAIN`) VALUES ('3na9_L', '3na9', 'L');
INSERT INTO `pdb_ensembl_alignment` (`PDB_NO`,`PDB_ID`,`CHAIN`,`ENSEMBL_ID`,`PDB_FROM`,`PDB_TO`,`ENSEMBL_FROM`,`ENSEMBL_TO`,`EVALUE`,`BITSCORE`,`IDENTP`)VALUES ('3na9_L','3na9','L','ENSP00000420020.1',23,116,1,94,'2.72E-51',163.0,85.106);
INSERT INTO `pdb_entry` (`PDB_NO`,`PDB_ID`,`CHAIN`) VALUES ('4xak_E', '4xak', 'E');
INSERT INTO `pdb_ensembl_alignment` (`PDB_NO`,`PDB_ID`,`CHAIN`,`ENSEMBL_ID`,`PDB_FROM`,`PDB_TO`,`ENSEMBL_FROM`,`ENSEMBL_TO`,`EVALUE`,`BITSCORE`,`IDENTP`)VALUES ('4xak_E','4xak','E','ENSP00000420020.1',23,117,1,95,'2.9E-51',162.0,83.158);
INSERT INTO `pdb_entry` (`PDB_NO`,`PDB_ID`,`CHAIN`) VALUES ('4xak_L', '4xak', 'L');
INSERT INTO `pdb_ensembl_alignment` (`PDB_NO`,`PDB_ID`,`CHAIN`,`ENSEMBL_ID`,`PDB_FROM`,`PDB_TO`,`ENSEMBL_FROM`,`ENSEMBL_TO`,`EVALUE`,`BITSCORE`,`IDENTP`)VALUES ('4xak_L','4xak','L','ENSP00000420020.1',23,117,1,95,'2.9E-51',162.0,83.158);
INSERT INTO `pdb_entry` (`PDB_NO`,`PDB_ID`,`CHAIN`) VALUES ('2r56_M', '2r56', 'M');
INSERT INTO `pdb_ensembl_alignment` (`PDB_NO`,`PDB_ID`,`CHAIN`,`ENSEMBL_ID`,`PDB_FROM`,`PDB_TO`,`ENSEMBL_FROM`,`ENSEMBL_TO`,`EVALUE`,`BITSCORE`,`IDENTP`)VALUES ('2r56_M','2r56','M','ENSP00000420020.1',23,117,1,95,'3.13E-51',162.0,83.158);
INSERT INTO `pdb_entry` (`PDB_NO`,`PDB_ID`,`CHAIN`) VALUES ('2r56_L', '2r56', 'L');
INSERT INTO `pdb_ensembl_alignment` (`PDB_NO`,`PDB_ID`,`CHAIN`,`ENSEMBL_ID`,`PDB_FROM`,`PDB_TO`,`ENSEMBL_FROM`,`ENSEMBL_TO`,`EVALUE`,`BITSCORE`,`IDENTP`)VALUES ('2r56_L','2r56','L','ENSP00000420020.1',23,117,1,95,'3.13E-51',162.0,83.158);
INSERT INTO `pdb_entry` (`PDB_NO`,`PDB_ID`,`CHAIN`) VALUES ('4py8_J', '4py8', 'J');
INSERT INTO `pdb_ensembl_alignment` (`PDB_NO`,`PDB_ID`,`CHAIN`,`ENSEMBL_ID`,`PDB_FROM`,`PDB_TO`,`ENSEMBL_FROM`,`ENSEMBL_TO`,`EVALUE`,`BITSCORE`,`IDENTP`)VALUES ('4py8_J','4py8','J','ENSP00000420020.1',23,117,1,95,'3.35E-51',162.0,81.053);
INSERT INTO `pdb_entry` (`PDB_NO`,`PDB_ID`,`CHAIN`) VALUES ('4py7_B', '4py7', 'B');
INSERT INTO `pdb_ensembl_alignment` (`PDB_NO`,`PDB_ID`,`CHAIN`,`ENSEMBL_ID`,`PDB_FROM`,`PDB_TO`,`ENSEMBL_FROM`,`ENSEMBL_TO`,`EVALUE`,`BITSCORE`,`IDENTP`)VALUES ('4py7_B','4py7','B','ENSP00000420020.1',23,117,1,95,'3.35E-51',162.0,81.053);
INSERT INTO `pdb_entry` (`PDB_NO`,`PDB_ID`,`CHAIN`) VALUES ('4py7_J', '4py7', 'J');
INSERT INTO `pdb_ensembl_alignment` (`PDB_NO`,`PDB_ID`,`CHAIN`,`ENSEMBL_ID`,`PDB_FROM`,`PDB_TO`,`ENSEMBL_FROM`,`ENSEMBL_TO`,`EVALUE`,`BITSCORE`,`IDENTP`)VALUES ('4py7_J','4py7','J','ENSP00000420020.1',23,117,1,95,'3.35E-51',162.0,81.053);
INSERT INTO `pdb_entry` (`PDB_NO`,`PDB_ID`,`CHAIN`) VALUES ('3sqo_L', '3sqo', 'L');
INSERT INTO `pdb_ensembl_alignment` (`PDB_NO`,`PDB_ID`,`CHAIN`,`ENSEMBL_ID`,`PDB_FROM`,`PDB_TO`,`ENSEMBL_FROM`,`ENSEMBL_TO`,`EVALUE`,`BITSCORE`,`IDENTP`)VALUES ('3sqo_L','3sqo','L','ENSP00000420020.1',23,116,1,94,'3.73E-51',162.0,87.234);
INSERT INTO `pdb_entry` (`PDB_NO`,`PDB_ID`,`CHAIN`) VALUES ('3k2u_L', '3k2u', 'L');
INSERT INTO `pdb_ensembl_alignment` (`PDB_NO`,`PDB_ID`,`CHAIN`,`ENSEMBL_ID`,`PDB_FROM`,`PDB_TO`,`ENSEMBL_FROM`,`ENSEMBL_TO`,`EVALUE`,`BITSCORE`,`IDENTP`)VALUES ('3k2u_L','3k2u','L','ENSP00000420020.1',23,117,1,95,'3.73E-51',162.0,83.158);
INSERT INTO `pdb_entry` (`PDB_NO`,`PDB_ID`,`CHAIN`) VALUES ('2wuc_L', '2wuc', 'L');
INSERT INTO `pdb_ensembl_alignment` (`PDB_NO`,`PDB_ID`,`CHAIN`,`ENSEMBL_ID`,`PDB_FROM`,`PDB_TO`,`ENSEMBL_FROM`,`ENSEMBL_TO`,`EVALUE`,`BITSCORE`,`IDENTP`)VALUES ('2wuc_L','2wuc','L','ENSP00000420020.1',23,117,1,95,'3.73E-51',162.0,83.158);
INSERT INTO `pdb_entry` (`PDB_NO`,`PDB_ID`,`CHAIN`) VALUES ('2wub_Q', '2wub', 'Q');
INSERT INTO `pdb_ensembl_alignment` (`PDB_NO`,`PDB_ID`,`CHAIN`,`ENSEMBL_ID`,`PDB_FROM`,`PDB_TO`,`ENSEMBL_FROM`,`ENSEMBL_TO`,`EVALUE`,`BITSCORE`,`IDENTP`)VALUES ('2wub_Q','2wub','Q','ENSP00000420020.1',23,117,1,95,'3.73E-51',162.0,83.158);
INSERT INTO `pdb_entry` (`PDB_NO`,`PDB_ID`,`CHAIN`) VALUES ('2wub_L', '2wub', 'L');
INSERT INTO `pdb_ensembl_alignment` (`PDB_NO`,`PDB_ID`,`CHAIN`,`ENSEMBL_ID`,`PDB_FROM`,`PDB_TO`,`ENSEMBL_FROM`,`ENSEMBL_TO`,`EVALUE`,`BITSCORE`,`IDENTP`)VALUES ('2wub_L','2wub','L','ENSP00000420020.1',23,117,1,95,'3.73E-51',162.0,83.158);
INSERT INTO `pdb_entry` (`PDB_NO`,`PDB_ID`,`CHAIN`) VALUES ('2vh5_L', '2vh5', 'L');
INSERT INTO `pdb_ensembl_alignment` (`PDB_NO`,`PDB_ID`,`CHAIN`,`ENSEMBL_ID`,`PDB_FROM`,`PDB_TO`,`ENSEMBL_FROM`,`ENSEMBL_TO`,`EVALUE`,`BITSCORE`,`IDENTP`)VALUES ('2vh5_L','2vh5','L','ENSP00000420020.1',24,117,1,94,'3.91E-51',159.0,82.979);
INSERT INTO `pdb_entry` (`PDB_NO`,`PDB_ID`,`CHAIN`) VALUES ('3efd_L', '3efd', 'L');
INSERT INTO `pdb_ensembl_alignment` (`PDB_NO`,`PDB_ID`,`CHAIN`,`ENSEMBL_ID`,`PDB_FROM`,`PDB_TO`,`ENSEMBL_FROM`,`ENSEMBL_TO`,`EVALUE`,`BITSCORE`,`IDENTP`)VALUES ('3efd_L','3efd','L','ENSP00000420020.1',23,113,1,91,'3.98E-51',162.0,85.714);
INSERT INTO `pdb_entry` (`PDB_NO`,`PDB_ID`,`CHAIN`) VALUES ('3jwo_L', '3jwo', 'L');
INSERT INTO `pdb_ensembl_alignment` (`PDB_NO`,`PDB_ID`,`CHAIN`,`ENSEMBL_ID`,`PDB_FROM`,`PDB_TO`,`ENSEMBL_FROM`,`ENSEMBL_TO`,`EVALUE`,`BITSCORE`,`IDENTP`)VALUES ('3jwo_L','3jwo','L','ENSP00000420020.1',23,116,1,94,'4.14E-51',162.0,81.915);
INSERT INTO `pdb_entry` (`PDB_NO`,`PDB_ID`,`CHAIN`) VALUES ('3l95_L', '3l95', 'L');
INSERT INTO `pdb_ensembl_alignment` (`PDB_NO`,`PDB_ID`,`CHAIN`,`ENSEMBL_ID`,`PDB_FROM`,`PDB_TO`,`ENSEMBL_FROM`,`ENSEMBL_TO`,`EVALUE`,`BITSCORE`,`IDENTP`)VALUES ('3l95_L','3l95','L','ENSP00000420020.1',23,117,1,95,'4.21E-51',162.0,83.158);
INSERT INTO `pdb_entry` (`PDB_NO`,`PDB_ID`,`CHAIN`) VALUES ('3l95_A', '3l95', 'A');
INSERT INTO `pdb_ensembl_alignment` (`PDB_NO`,`PDB_ID`,`CHAIN`,`ENSEMBL_ID`,`PDB_FROM`,`PDB_TO`,`ENSEMBL_FROM`,`ENSEMBL_TO`,`EVALUE`,`BITSCORE`,`IDENTP`)VALUES ('3l95_A','3l95','A','ENSP00000420020.1',23,117,1,95,'4.21E-51',162.0,83.158);
INSERT INTO `pdb_entry` (`PDB_NO`,`PDB_ID`,`CHAIN`) VALUES ('4u6v_M', '4u6v', 'M');
INSERT INTO `pdb_ensembl_alignment` (`PDB_NO`,`PDB_ID`,`CHAIN`,`ENSEMBL_ID`,`PDB_FROM`,`PDB_TO`,`ENSEMBL_FROM`,`ENSEMBL_TO`,`EVALUE`,`BITSCORE`,`IDENTP`)VALUES ('4u6v_M','4u6v','M','ENSP00000420020.1',23,113,1,91,'4.71E-51',162.0,84.615);
INSERT INTO `pdb_entry` (`PDB_NO`,`PDB_ID`,`CHAIN`) VALUES ('4u6v_L', '4u6v', 'L');
INSERT INTO `pdb_ensembl_alignment` (`PDB_NO`,`PDB_ID`,`CHAIN`,`ENSEMBL_ID`,`PDB_FROM`,`PDB_TO`,`ENSEMBL_FROM`,`ENSEMBL_TO`,`EVALUE`,`BITSCORE`,`IDENTP`)VALUES ('4u6v_L','4u6v','L','ENSP00000420020.1',23,113,1,91,'4.71E-51',162.0,84.615);
INSERT INTO `pdb_entry` (`PDB_NO`,`PDB_ID`,`CHAIN`) VALUES ('4dvr_L', '4dvr', 'L');
INSERT INTO `pdb_ensembl_alignment` (`PDB_NO`,`PDB_ID`,`CHAIN`,`ENSEMBL_ID`,`PDB_FROM`,`PDB_TO`,`ENSEMBL_FROM`,`ENSEMBL_TO`,`EVALUE`,`BITSCORE`,`IDENTP`)VALUES ('4dvr_L','4dvr','L','ENSP00000420020.1',23,116,1,94,'4.77E-51',162.0,81.915);
INSERT INTO `pdb_entry` (`PDB_NO`,`PDB_ID`,`CHAIN`) VALUES ('1rz7_L', '1rz7', 'L');
INSERT INTO `pdb_ensembl_alignment` (`PDB_NO`,`PDB_ID`,`CHAIN`,`ENSEMBL_ID`,`PDB_FROM`,`PDB_TO`,`ENSEMBL_FROM`,`ENSEMBL_TO`,`EVALUE`,`BITSCORE`,`IDENTP`)VALUES ('1rz7_L','1rz7','L','ENSP00000420020.1',23,116,1,94,'4.77E-51',162.0,81.915);
INSERT INTO `pdb_entry` (`PDB_NO`,`PDB_ID`,`CHAIN`) VALUES ('1dfb_L', '1dfb', 'L');
INSERT INTO `pdb_ensembl_alignment` (`PDB_NO`,`PDB_ID`,`CHAIN`,`ENSEMBL_ID`,`PDB_FROM`,`PDB_TO`,`ENSEMBL_FROM`,`ENSEMBL_TO`,`EVALUE`,`BITSCORE`,`IDENTP`)VALUES ('1dfb_L','1dfb','L','ENSP00000420020.1',23,115,1,93,'5.1E-51',162.0,82.796);
INSERT INTO `pdb_entry` (`PDB_NO`,`PDB_ID`,`CHAIN`) VALUES ('3j70_S', '3j70', 'S');
INSERT INTO `pdb_ensembl_alignment` (`PDB_NO`,`PDB_ID`,`CHAIN`,`ENSEMBL_ID`,`PDB_FROM`,`PDB_TO`,`ENSEMBL_FROM`,`ENSEMBL_TO`,`EVALUE`,`BITSCORE`,`IDENTP`)VALUES ('3j70_S','3j70','S','ENSP00000420020.1',23,116,1,94,'5.18E-51',162.0,81.915);
INSERT INTO `pdb_entry` (`PDB_NO`,`PDB_ID`,`CHAIN`) VALUES ('3j70_N', '3j70', 'N');
INSERT INTO `pdb_ensembl_alignment` (`PDB_NO`,`PDB_ID`,`CHAIN`,`ENSEMBL_ID`,`PDB_FROM`,`PDB_TO`,`ENSEMBL_FROM`,`ENSEMBL_TO`,`EVALUE`,`BITSCORE`,`IDENTP`)VALUES ('3j70_N','3j70','N','ENSP00000420020.1',23,116,1,94,'5.18E-51',162.0,81.915);
INSERT INTO `pdb_entry` (`PDB_NO`,`PDB_ID`,`CHAIN`) VALUES ('3j70_B', '3j70', 'B');
INSERT INTO `pdb_ensembl_alignment` (`PDB_NO`,`PDB_ID`,`CHAIN`,`ENSEMBL_ID`,`PDB_FROM`,`PDB_TO`,`ENSEMBL_FROM`,`ENSEMBL_TO`,`EVALUE`,`BITSCORE`,`IDENTP`)VALUES ('3j70_B','3j70','B','ENSP00000420020.1',23,116,1,94,'5.18E-51',162.0,81.915);
INSERT INTO `pdb_entry` (`PDB_NO`,`PDB_ID`,`CHAIN`) VALUES ('4x4z_B', '4x4z', 'B');
INSERT INTO `pdb_ensembl_alignment` (`PDB_NO`,`PDB_ID`,`CHAIN`,`ENSEMBL_ID`,`PDB_FROM`,`PDB_TO`,`ENSEMBL_FROM`,`ENSEMBL_TO`,`EVALUE`,`BITSCORE`,`IDENTP`)VALUES ('4x4z_B','4x4z','B','ENSP00000420020.1',23,117,1,95,'5.52E-51',158.0,81.053);
INSERT INTO `pdb_entry` (`PDB_NO`,`PDB_ID`,`CHAIN`) VALUES ('4x4z_A', '4x4z', 'A');
INSERT INTO `pdb_ensembl_alignment` (`PDB_NO`,`PDB_ID`,`CHAIN`,`ENSEMBL_ID`,`PDB_FROM`,`PDB_TO`,`ENSEMBL_FROM`,`ENSEMBL_TO`,`EVALUE`,`BITSCORE`,`IDENTP`)VALUES ('4x4z_A','4x4z','A','ENSP00000420020.1',23,117,1,95,'5.52E-51',158.0,81.053);
INSERT INTO `pdb_entry` (`PDB_NO`,`PDB_ID`,`CHAIN`) VALUES ('3g6j_G', '3g6j', 'G');
INSERT INTO `pdb_ensembl_alignment` (`PDB_NO`,`PDB_ID`,`CHAIN`,`ENSEMBL_ID`,`PDB_FROM`,`PDB_TO`,`ENSEMBL_FROM`,`ENSEMBL_TO`,`EVALUE`,`BITSCORE`,`IDENTP`)VALUES ('3g6j_G','3g6j','G','ENSP00000420020.1',23,117,1,96,'5.59E-51',162.0,84.375);
INSERT INTO `pdb_entry` (`PDB_NO`,`PDB_ID`,`CHAIN`) VALUES ('3g6j_E', '3g6j', 'E');
INSERT INTO `pdb_ensembl_alignment` (`PDB_NO`,`PDB_ID`,`CHAIN`,`ENSEMBL_ID`,`PDB_FROM`,`PDB_TO`,`ENSEMBL_FROM`,`ENSEMBL_TO`,`EVALUE`,`BITSCORE`,`IDENTP`)VALUES ('3g6j_E','3g6j','E','ENSP00000420020.1',23,117,1,96,'5.59E-51',162.0,84.375);
INSERT INTO `pdb_entry` (`PDB_NO`,`PDB_ID`,`CHAIN`) VALUES ('3jwd_O', '3jwd', 'O');
INSERT INTO `pdb_ensembl_alignment` (`PDB_NO`,`PDB_ID`,`CHAIN`,`ENSEMBL_ID`,`PDB_FROM`,`PDB_TO`,`ENSEMBL_FROM`,`ENSEMBL_TO`,`EVALUE`,`BITSCORE`,`IDENTP`)VALUES ('3jwd_O','3jwd','O','ENSP00000420020.1',23,116,1,94,'5.79E-51',162.0,81.915);
INSERT INTO `pdb_entry` (`PDB_NO`,`PDB_ID`,`CHAIN`) VALUES ('3jwd_L', '3jwd', 'L');
INSERT INTO `pdb_ensembl_alignment` (`PDB_NO`,`PDB_ID`,`CHAIN`,`ENSEMBL_ID`,`PDB_FROM`,`PDB_TO`,`ENSEMBL_FROM`,`ENSEMBL_TO`,`EVALUE`,`BITSCORE`,`IDENTP`)VALUES ('3jwd_L','3jwd','L','ENSP00000420020.1',23,116,1,94,'5.79E-51',162.0,81.915);
INSERT INTO `pdb_entry` (`PDB_NO`,`PDB_ID`,`CHAIN`) VALUES ('4g7y_L', '4g7y', 'L');
INSERT INTO `pdb_ensembl_alignment` (`PDB_NO`,`PDB_ID`,`CHAIN`,`ENSEMBL_ID`,`PDB_FROM`,`PDB_TO`,`ENSEMBL_FROM`,`ENSEMBL_TO`,`EVALUE`,`BITSCORE`,`IDENTP`)VALUES ('4g7y_L','4g7y','L','ENSP00000420020.1',23,117,1,95,'6.71E-51',162.0,83.158);
INSERT INTO `pdb_entry` (`PDB_NO`,`PDB_ID`,`CHAIN`) VALUES ('4g7v_L', '4g7v', 'L');
INSERT INTO `pdb_ensembl_alignment` (`PDB_NO`,`PDB_ID`,`CHAIN`,`ENSEMBL_ID`,`PDB_FROM`,`PDB_TO`,`ENSEMBL_FROM`,`ENSEMBL_TO`,`EVALUE`,`BITSCORE`,`IDENTP`)VALUES ('4g7v_L','4g7v','L','ENSP00000420020.1',23,117,1,95,'6.71E-51',162.0,83.158);
INSERT INTO `pdb_entry` (`PDB_NO`,`PDB_ID`,`CHAIN`) VALUES ('2cmr_L', '2cmr', 'L');
INSERT INTO `pdb_ensembl_alignment` (`PDB_NO`,`PDB_ID`,`CHAIN`,`ENSEMBL_ID`,`PDB_FROM`,`PDB_TO`,`ENSEMBL_FROM`,`ENSEMBL_TO`,`EVALUE`,`BITSCORE`,`IDENTP`)VALUES ('2cmr_L','2cmr','L','ENSP00000420020.1',23,117,1,95,'7.31E-51',161.0,80.0);
INSERT INTO `pdb_entry` (`PDB_NO`,`PDB_ID`,`CHAIN`) VALUES ('2qqn_L', '2qqn', 'L');
INSERT INTO `pdb_ensembl_alignment` (`PDB_NO`,`PDB_ID`,`CHAIN`,`ENSEMBL_ID`,`PDB_FROM`,`PDB_TO`,`ENSEMBL_FROM`,`ENSEMBL_TO`,`EVALUE`,`BITSCORE`,`IDENTP`)VALUES ('2qqn_L','2qqn','L','ENSP00000420020.1',23,117,1,95,'7.42E-51',162.0,84.211);
INSERT INTO `pdb_entry` (`PDB_NO`,`PDB_ID`,`CHAIN`) VALUES ('2qad_G', '2qad', 'G');
INSERT INTO `pdb_ensembl_alignment` (`PDB_NO`,`PDB_ID`,`CHAIN`,`ENSEMBL_ID`,`PDB_FROM`,`PDB_TO`,`ENSEMBL_FROM`,`ENSEMBL_TO`,`EVALUE`,`BITSCORE`,`IDENTP`)VALUES ('2qad_G','2qad','G','ENSP00000420020.1',23,117,1,95,'7.83E-51',162.0,80.0);
INSERT INTO `pdb_entry` (`PDB_NO`,`PDB_ID`,`CHAIN`) VALUES ('2qad_C', '2qad', 'C');
INSERT INTO `pdb_ensembl_alignment` (`PDB_NO`,`PDB_ID`,`CHAIN`,`ENSEMBL_ID`,`PDB_FROM`,`PDB_TO`,`ENSEMBL_FROM`,`ENSEMBL_TO`,`EVALUE`,`BITSCORE`,`IDENTP`)VALUES ('2qad_C','2qad','C','ENSP00000420020.1',23,117,1,95,'7.83E-51',162.0,80.0);
INSERT INTO `pdb_entry` (`PDB_NO`,`PDB_ID`,`CHAIN`) VALUES ('1rzg_D', '1rzg', 'D');
INSERT INTO `pdb_ensembl_alignment` (`PDB_NO`,`PDB_ID`,`CHAIN`,`ENSEMBL_ID`,`PDB_FROM`,`PDB_TO`,`ENSEMBL_FROM`,`ENSEMBL_TO`,`EVALUE`,`BITSCORE`,`IDENTP`)VALUES ('1rzg_D','1rzg','D','ENSP00000420020.1',23,117,1,95,'7.83E-51',162.0,80.0);
INSERT INTO `pdb_entry` (`PDB_NO`,`PDB_ID`,`CHAIN`) VALUES ('1rzg_B', '1rzg', 'B');
INSERT INTO `pdb_ensembl_alignment` (`PDB_NO`,`PDB_ID`,`CHAIN`,`ENSEMBL_ID`,`PDB_FROM`,`PDB_TO`,`ENSEMBL_FROM`,`ENSEMBL_TO`,`EVALUE`,`BITSCORE`,`IDENTP`)VALUES ('1rzg_B','1rzg','B','ENSP00000420020.1',23,117,1,95,'7.83E-51',162.0,80.0);
INSERT INTO `pdb_entry` (`PDB_NO`,`PDB_ID`,`CHAIN`) VALUES ('4jqi_L', '4jqi', 'L');
INSERT INTO `pdb_ensembl_alignment` (`PDB_NO`,`PDB_ID`,`CHAIN`,`ENSEMBL_ID`,`PDB_FROM`,`PDB_TO`,`ENSEMBL_FROM`,`ENSEMBL_TO`,`EVALUE`,`BITSCORE`,`IDENTP`)VALUES ('4jqi_L','4jqi','L','ENSP00000420020.1',23,117,2,96,'8.71E-51',161.0,82.105);
INSERT INTO `pdb_entry` (`PDB_NO`,`PDB_ID`,`CHAIN`) VALUES ('4zd3_L', '4zd3', 'L');
INSERT INTO `pdb_ensembl_alignment` (`PDB_NO`,`PDB_ID`,`CHAIN`,`ENSEMBL_ID`,`PDB_FROM`,`PDB_TO`,`ENSEMBL_FROM`,`ENSEMBL_TO`,`EVALUE`,`BITSCORE`,`IDENTP`)VALUES ('4zd3_L','4zd3','L','ENSP00000420020.1',23,115,1,93,'9.17E-51',161.0,81.72);
